,Player,Nation,Pos,Age,MP,Starts,Min,90s,Gls,Ast,G+A,G-PK,PK,PKatt,CrdY,CrdR,xG,npxG,xAG,npxG+xAG,PrgC,PrgP,PrgR,Gls,Ast,G+A,G-PK,G+A-PK,xG,xAG,xG+xAG,npxG,npxG+xAG,Matches,MP
0,Ederson,br BRA,GK,30-023,4.0,4,360.0,4.0,0.0,0.0,0.0,0.0,0.0,0.0,0.0,0.0,0.0,0.0,0.1,0.1,0.0,0.0,0.0,0.0,0.0,0.0,0.0,0.0,0.0,0.02,0.02,0.0,0.02,Matches,
1,Julián Álvarez,ar ARG,MF,23-221,4.0,4,359.0,4.0,2.0,1.0,3.0,2.0,0.0,0.0,1.0,0.0,1.8,1.8,0.6,2.4,9.0,13.0,26.0,0.5,0.25,0.75,0.5,0.75,0.45,0.15,0.6,0.45,0.6,Matches,
2,Kyle Walker,eng ENG,DF,33-104,4.0,4,359.0,4.0,0.0,0.0,0.0,0.0,0.0,0.0,0.0,0.0,0.0,0.0,0.4,0.4,11.0,22.0,33.0,0.0,0.0,0.0,0.0,0.0,0.01,0.1,0.11,0.01,0.11,Matches,
3,Erling Haaland,no NOR,FW,23-050,4.0,4,349.0,3.9,6.0,1.0,7.0,5.0,1.0,2.0,0.0,0.0,4.6,3.1,1.1,4.2,4.0,3.0,14.0,1.55,0.26,1.81,1.29,1.55,1.19,0.29,1.48,0.79,1.08,Matches,
4,Rodri,es ESP,MF,27-079,4.0,4,345.0,3.8,2.0,1.0,3.0,2.0,0.0,0.0,1.0,0.0,0.8,0.8,0.2,1.0,5.0,29.0,8.0,0.52,0.26,0.78,0.52,0.78,0.21,0.05,0.27,0.21,0.27,Matches,
5,Mateo Kovačić,hr CRO,MF,29-126,4.0,3,326.0,3.6,0.0,0.0,0.0,0.0,0.0,0.0,0.0,0.0,0.2,0.2,0.7,0.9,11.0,25.0,12.0,0.0,0.0,0.0,0.0,0.0,0.04,0.19,0.24,0.04,0.24,Matches,
6,Phil Foden,eng ENG,"FW,MF",23-104,4.0,3,274.0,3.0,0.0,3.0,3.0,0.0,0.0,0.0,0.0,0.0,0.6,0.6,1.0,1.6,9.0,19.0,25.0,0.0,0.99,0.99,0.0,0.99,0.19,0.33,0.52,0.19,0.52,Matches,
7,Manuel Akanji,ch SUI,DF,28-052,3.0,3,270.0,3.0,0.0,0.0,0.0,0.0,0.0,0.0,0.0,0.0,0.0,0.0,0.1,0.1,2.0,9.0,1.0,0.0,0.0,0.0,0.0,0.0,0.01,0.02,0.03,0.01,0.03,Matches,
8,Rúben Dias,pt POR,DF,26-118,3.0,3,270.0,3.0,0.0,0.0,0.0,0.0,0.0,0.0,0.0,0.0,0.0,0.0,0.0,0.0,2.0,18.0,3.0,0.0,0.0,0.0,0.0,0.0,0.01,0.0,0.01,0.01,0.01,Matches,
9,Nathan Aké,nl NED,DF,28-203,3.0,3,258.0,2.9,1.0,0.0,1.0,1.0,0.0,0.0,0.0,0.0,0.4,0.4,0.0,0.4,3.0,11.0,2.0,0.35,0.0,0.35,0.35,0.35,0.14,0.0,0.14,0.14,0.14,Matches,
10,Bernardo Silva,pt POR,"FW,MF",29-030,3.0,2,195.0,2.2,0.0,0.0,0.0,0.0,0.0,0.0,1.0,0.0,0.0,0.0,0.7,0.7,13.0,12.0,18.0,0.0,0.0,0.0,0.0,0.0,0.0,0.31,0.31,0.0,0.31,Matches,
11,Joško Gvardiol,hr CRO,DF,21-229,3.0,2,192.0,2.1,0.0,0.0,0.0,0.0,0.0,0.0,0.0,0.0,0.0,0.0,0.0,0.0,7.0,10.0,3.0,0.0,0.0,0.0,0.0,0.0,0.0,0.02,0.02,0.0,0.02,Matches,
12,Jack Grealish,eng ENG,FW,27-364,2.0,2,180.0,2.0,0.0,1.0,1.0,0.0,0.0,0.0,0.0,0.0,0.4,0.4,0.5,0.8,16.0,3.0,24.0,0.0,0.5,0.5,0.0,0.5,0.19,0.23,0.41,0.19,0.41,Matches,
13,Rico Lewis,eng ENG,DF,18-292,2.0,1,79.0,0.9,0.0,0.0,0.0,0.0,0.0,0.0,0.0,0.0,0.0,0.0,0.0,0.0,1.0,3.0,3.0,0.0,0.0,0.0,0.0,0.0,0.0,0.0,0.0,0.0,0.0,Matches,
14,Jeremy Doku,be BEL,FW,21-105,1.0,1,75.0,0.8,0.0,0.0,0.0,0.0,0.0,0.0,0.0,0.0,0.0,0.0,0.0,0.0,2.0,0.0,4.0,0.0,0.0,0.0,0.0,0.0,0.0,0.0,0.0,0.0,0.0,Matches,
15,Kevin De Bruyne,be BEL,MF,32-073,1.0,1,22.0,0.2,0.0,0.0,0.0,0.0,0.0,0.0,0.0,0.0,0.0,0.0,0.2,0.2,0.0,1.0,3.0,0.0,0.0,0.0,0.0,0.0,0.08,0.83,0.91,0.08,0.91,Matches,
16,Sergio Gómez,es ESP,FW,23-005,1.0,0,15.0,0.2,0.0,1.0,1.0,0.0,0.0,0.0,0.0,0.0,0.0,0.0,0.2,0.2,1.0,1.0,2.0,0.0,6.0,6.0,0.0,6.0,0.0,1.13,1.13,0.0,1.13,Matches,
17,Aymeric Laporte,es ESP,DF,29-105,1.0,0,12.0,0.1,0.0,0.0,0.0,0.0,0.0,0.0,0.0,0.0,0.0,0.0,0.0,0.0,0.0,0.0,0.0,0.0,0.0,0.0,0.0,0.0,0.27,0.0,0.27,0.27,0.27,Matches,
18,Cole Palmer,eng ENG,MF,21-126,1.0,0,11.0,0.1,0.0,0.0,0.0,0.0,0.0,0.0,0.0,0.0,0.0,0.0,0.0,0.0,0.0,0.0,0.0,0.0,0.0,0.0,0.0,0.0,0.0,0.0,0.0,0.0,0.0,Matches,
19,Kalvin Phillips,eng ENG,MF,27-281,1.0,0,7.0,0.1,0.0,0.0,0.0,0.0,0.0,0.0,0.0,0.0,0.0,0.0,0.0,0.0,0.0,2.0,0.0,0.0,0.0,0.0,0.0,0.0,0.0,0.0,0.0,0.0,0.0,Matches,
20,Oscar Bobb,no NOR,FW,20-059,1.0,0,1.0,0.0,0.0,0.0,0.0,0.0,0.0,0.0,0.0,0.0,0.0,0.0,0.0,0.0,1.0,2.0,0.0,0.0,0.0,0.0,0.0,0.0,0.0,0.0,0.0,0.0,0.0,Matches,
21,James Mcatee,eng ENG,MF,20-326,1.0,0,1.0,0.0,0.0,0.0,0.0,0.0,0.0,0.0,0.0,0.0,0.0,0.0,0.0,0.0,0.0,0.0,0.0,0.0,0.0,0.0,0.0,0.0,0.0,0.0,0.0,0.0,0.0,Matches,
0,Micky van de Ven,nl NED,DF,22-143,4.0,4,360.0,4.0,0.0,0.0,0.0,0.0,0.0,0.0,0.0,0.0,0.0,0.0,0.0,0.0,4.0,6.0,1.0,0.0,0.0,0.0,0.0,0.0,0.01,0.0,0.01,0.01,0.01,Matches,
1,Guglielmo Vicario,it ITA,GK,26-337,4.0,4,360.0,4.0,0.0,0.0,0.0,0.0,0.0,0.0,1.0,0.0,0.0,0.0,0.0,0.0,0.0,0.0,0.0,0.0,0.0,0.0,0.0,0.0,0.0,0.0,0.0,0.0,0.0,Matches,
2,Dejan Kulusevski,se SWE,FW,23-137,4.0,4,352.0,3.9,1.0,0.0,1.0,1.0,0.0,0.0,1.0,0.0,0.5,0.5,0.4,0.9,20.0,10.0,39.0,0.26,0.0,0.26,0.26,0.26,0.12,0.11,0.22,0.12,0.22,Matches,
3,Yves Bissouma,ml MLI,MF,27-010,4.0,4,343.0,3.8,0.0,0.0,0.0,0.0,0.0,0.0,1.0,0.0,0.2,0.2,0.2,0.4,11.0,26.0,2.0,0.0,0.0,0.0,0.0,0.0,0.05,0.04,0.09,0.05,0.09,Matches,
4,James Maddison,eng ENG,MF,26-290,4.0,4,337.0,3.7,2.0,2.0,4.0,2.0,0.0,0.0,1.0,0.0,1.6,1.6,1.1,2.7,10.0,38.0,30.0,0.53,0.53,1.07,0.53,1.07,0.43,0.3,0.73,0.43,0.73,Matches,
5,Destiny Udogie,it ITA,DF,20-285,4.0,4,330.0,3.7,0.0,2.0,2.0,0.0,0.0,0.0,1.0,0.0,0.1,0.1,0.6,0.6,16.0,19.0,19.0,0.0,0.55,0.55,0.0,0.55,0.02,0.15,0.17,0.02,0.17,Matches,
6,Son Heung-min,kr KOR,FW,31-063,4.0,4,325.0,3.6,3.0,0.0,3.0,3.0,0.0,0.0,0.0,0.0,1.4,1.4,0.9,2.3,13.0,24.0,42.0,0.83,0.0,0.83,0.83,0.83,0.39,0.25,0.64,0.39,0.64,Matches,
7,Cristian Romero,ar ARG,DF,25-135,4.0,4,283.0,3.1,2.0,0.0,2.0,2.0,0.0,0.0,0.0,0.0,0.7,0.7,0.0,0.7,1.0,11.0,0.0,0.64,0.0,0.64,0.64,0.64,0.23,0.0,0.23,0.23,0.23,Matches,
8,Pedro Porro,es ESP,DF,23-361,3.0,3,267.0,3.0,0.0,1.0,1.0,0.0,0.0,0.0,0.0,0.0,0.4,0.4,1.0,1.4,7.0,9.0,6.0,0.0,0.34,0.34,0.0,0.34,0.13,0.33,0.46,0.13,0.46,Matches,
9,Richarlison,br BRA,FW,26-122,4.0,3,237.0,2.6,0.0,0.0,0.0,0.0,0.0,0.0,1.0,0.0,0.4,0.4,0.0,0.5,3.0,3.0,16.0,0.0,0.0,0.0,0.0,0.0,0.17,0.01,0.18,0.17,0.18,Matches,
10,Pape Matar Sarr,sn SEN,MF,20-360,4.0,3,216.0,2.4,1.0,1.0,2.0,1.0,0.0,0.0,1.0,0.0,1.2,1.2,0.7,1.9,5.0,17.0,7.0,0.42,0.42,0.83,0.42,0.83,0.5,0.31,0.81,0.5,0.81,Matches,
11,Emerson,br BRA,DF,24-238,3.0,1,98.0,1.1,1.0,0.0,1.0,1.0,0.0,0.0,0.0,0.0,0.0,0.0,0.0,0.0,7.0,8.0,3.0,0.92,0.0,0.92,0.92,0.92,0.03,0.0,0.03,0.03,0.03,Matches,
12,Oliver Skipp,eng ENG,MF,22-358,3.0,1,97.0,1.1,0.0,0.0,0.0,0.0,0.0,0.0,1.0,0.0,0.0,0.0,0.0,0.0,0.0,6.0,4.0,0.0,0.0,0.0,0.0,0.0,0.0,0.0,0.0,0.0,0.0,Matches,
13,Manor Solomon,il ISR,FW,24-047,2.0,1,70.0,0.8,0.0,2.0,2.0,0.0,0.0,0.0,0.0,0.0,0.1,0.1,0.5,0.6,5.0,1.0,9.0,0.0,2.57,2.57,0.0,2.57,0.15,0.64,0.79,0.15,0.79,Matches,
14,Ivan Perišić,hr CRO,FW,34-219,4.0,0,92.0,1.0,0.0,0.0,0.0,0.0,0.0,0.0,1.0,0.0,0.0,0.0,0.7,0.7,11.0,9.0,15.0,0.0,0.0,0.0,0.0,0.0,0.03,0.68,0.71,0.03,0.71,Matches,
15,Davinson Sánchez,co COL,DF,27-089,1.0,0,77.0,0.9,0.0,0.0,0.0,0.0,0.0,0.0,1.0,0.0,0.1,0.1,0.0,0.1,0.0,2.0,0.0,0.0,0.0,0.0,0.0,0.0,0.14,0.0,0.14,0.14,0.14,Matches,
16,Pierre Højbjerg,dk DEN,MF,28-035,3.0,0,69.0,0.8,0.0,0.0,0.0,0.0,0.0,0.0,1.0,0.0,0.0,0.0,0.0,0.0,0.0,5.0,1.0,0.0,0.0,0.0,0.0,0.0,0.0,0.0,0.0,0.0,0.0,Matches,
17,Ben Davies,wls WAL,DF,30-138,2.0,0,30.0,0.3,0.0,0.0,0.0,0.0,0.0,0.0,0.0,0.0,0.6,0.6,0.0,0.6,0.0,2.0,2.0,0.0,0.0,0.0,0.0,0.0,1.67,0.0,1.67,1.67,1.67,Matches,
18,Giovani Lo Celso,ar ARG,MF,27-153,1.0,0,17.0,0.2,0.0,0.0,0.0,0.0,0.0,0.0,0.0,0.0,0.0,0.0,0.0,0.0,2.0,3.0,2.0,0.0,0.0,0.0,0.0,0.0,0.0,0.16,0.16,0.0,0.16,Matches,
0,Alisson,br BRA,GK,30-342,,4,360.0,4.0,0.0,0.0,0.0,0.0,0.0,0.0,1.0,0.0,0.0,0.0,0.0,0.0,0.0,0.0,0.0,0.0,0.0,0.0,0.0,0.0,0.0,0.0,0.0,0.0,0.0,Matches,4.0
1,Andrew Robertson,sct SCO,DF,29-182,,4,360.0,4.0,0.0,0.0,0.0,0.0,0.0,0.0,0.0,0.0,0.0,0.0,0.3,0.3,5.0,25.0,9.0,0.0,0.0,0.0,0.0,0.0,0.0,0.08,0.08,0.0,0.08,Matches,4.0
2,Dominik Szoboszlai,hu HUN,MF,22-319,,4,360.0,4.0,1.0,0.0,1.0,1.0,0.0,0.0,0.0,0.0,0.3,0.3,0.5,0.8,9.0,15.0,20.0,0.25,0.0,0.25,0.25,0.25,0.07,0.13,0.2,0.07,0.2,Matches,4.0
3,Mohamed Salah,eg EGY,FW,31-086,,4,341.0,3.8,2.0,2.0,4.0,2.0,0.0,1.0,0.0,0.0,2.5,1.5,1.3,2.9,8.0,12.0,23.0,0.53,0.53,1.06,0.53,1.06,0.66,0.36,1.01,0.41,0.76,Matches,4.0
4,Trent Alexander-Arnold,eng ENG,DF,24-337,,4,324.0,3.6,0.0,1.0,1.0,0.0,0.0,0.0,2.0,0.0,0.2,0.2,0.8,1.0,13.0,17.0,7.0,0.0,0.28,0.28,0.0,0.28,0.05,0.23,0.29,0.05,0.29,Matches,4.0
5,Alexis Mac Allister,ar ARG,MF,24-259,,4,309.0,3.4,0.0,0.0,0.0,0.0,0.0,0.0,1.0,1.0,0.0,0.0,0.0,0.0,4.0,18.0,3.0,0.0,0.0,0.0,0.0,0.0,0.0,0.01,0.01,0.0,0.01,Matches,4.0
6,Luis Díaz,co COL,FW,26-239,,4,257.0,2.9,2.0,0.0,2.0,2.0,0.0,0.0,0.0,0.0,1.4,1.4,0.3,1.7,12.0,6.0,23.0,0.7,0.0,0.7,0.7,0.7,0.47,0.12,0.59,0.47,0.59,Matches,4.0
7,Cody Gakpo,nl NED,"MF,FW",24-125,,3,210.0,2.3,0.0,0.0,0.0,0.0,0.0,0.0,0.0,0.0,0.2,0.2,0.2,0.4,6.0,10.0,9.0,0.0,0.0,0.0,0.0,0.0,0.1,0.08,0.18,0.1,0.18,Matches,4.0
8,Virgil van Dijk,nl NED,DF,32-063,,3,207.0,2.3,0.0,0.0,0.0,0.0,0.0,0.0,0.0,1.0,0.2,0.2,0.1,0.3,0.0,2.0,1.0,0.0,0.0,0.0,0.0,0.0,0.1,0.03,0.14,0.1,0.14,Matches,3.0
9,Diogo Jota,pt POR,"FW,MF",26-279,,2,199.0,2.2,1.0,0.0,1.0,1.0,0.0,0.0,1.0,0.0,0.8,0.8,0.3,1.1,12.0,4.0,23.0,0.45,0.0,0.45,0.45,0.45,0.34,0.15,0.49,0.34,0.49,Matches,4.0
10,Ibrahima Konaté,fr FRA,DF,24-107,,2,180.0,2.0,0.0,0.0,0.0,0.0,0.0,0.0,0.0,0.0,0.0,0.0,0.0,0.0,1.0,0.0,0.0,0.0,0.0,0.0,0.0,0.0,0.02,0.0,0.02,0.02,0.02,Matches,2.0
11,Joël Matip,cm CMR,DF,32-032,,2,166.0,1.8,0.0,0.0,0.0,0.0,0.0,0.0,0.0,0.0,0.4,0.4,0.0,0.5,2.0,7.0,0.0,0.0,0.0,0.0,0.0,0.0,0.22,0.02,0.24,0.22,0.24,Matches,2.0
12,Joe Gomez,eng ENG,DF,26-109,,1,164.0,1.8,0.0,0.0,0.0,0.0,0.0,0.0,0.0,0.0,0.1,0.1,0.0,0.1,0.0,6.0,0.0,0.0,0.0,0.0,0.0,0.0,0.03,0.01,0.05,0.03,0.05,Matches,3.0
13,Darwin Núñez,uy URU,FW,24-077,,1,108.0,1.2,2.0,1.0,3.0,2.0,0.0,0.0,1.0,0.0,1.6,1.6,0.5,2.1,3.0,5.0,10.0,1.67,0.83,2.5,1.67,2.5,1.34,0.42,1.76,1.34,1.76,Matches,4.0
14,Wataru Endo,jp JPN,MF,30-212,,1,89.0,1.0,0.0,0.0,0.0,0.0,0.0,0.0,0.0,0.0,0.0,0.0,0.0,0.0,0.0,3.0,0.0,0.0,0.0,0.0,0.0,0.0,0.0,0.0,0.0,0.0,0.0,Matches,3.0
15,Curtis Jones,eng ENG,MF,22-222,,1,89.0,1.0,0.0,0.0,0.0,0.0,0.0,0.0,0.0,0.0,0.0,0.0,0.0,0.0,0.0,3.0,2.0,0.0,0.0,0.0,0.0,0.0,0.0,0.0,0.0,0.0,0.0,Matches,2.0
16,Harvey Elliott,eng ENG,MF,20-158,,0,88.0,1.0,0.0,0.0,0.0,0.0,0.0,0.0,0.0,0.0,0.0,0.0,0.0,0.1,3.0,6.0,8.0,0.0,0.0,0.0,0.0,0.0,0.03,0.02,0.05,0.03,0.05,Matches,4.0
17,Jarrell Quansah,eng ENG,DF,20-223,,0,34.0,0.4,0.0,0.0,0.0,0.0,0.0,0.0,0.0,0.0,0.0,0.0,0.0,0.0,1.0,1.0,0.0,0.0,0.0,0.0,0.0,0.0,0.0,0.0,0.0,0.0,0.0,Matches,2.0
18,Ben Doak,sct SCO,FW,17-302,,0,14.0,0.2,0.0,0.0,0.0,0.0,0.0,0.0,0.0,0.0,0.0,0.0,0.0,0.0,0.0,0.0,0.0,0.0,0.0,0.0,0.0,0.0,0.0,0.0,0.0,0.0,0.0,Matches,1.0
19,Kostas Tsimikas,gr GRE,MF,27-120,,0,5.0,0.1,0.0,0.0,0.0,0.0,0.0,0.0,0.0,0.0,0.0,0.0,0.0,0.0,1.0,1.0,2.0,0.0,0.0,0.0,0.0,0.0,0.0,0.0,0.0,0.0,0.0,Matches,1.0
0,Alphonse Areola,fr FRA,GK,30-194,,4,360.0,4.0,0.0,0.0,0.0,0.0,0.0,0.0,0.0,0.0,0.0,0.0,0.0,0.0,0.0,0.0,0.0,0.0,0.0,0.0,0.0,0.0,0.0,0.0,0.0,0.0,0.0,Matches,4.0
1,Jarrod Bowen,eng ENG,"FW,MF",26-263,,4,360.0,4.0,3.0,1.0,4.0,3.0,0.0,0.0,1.0,0.0,2.3,2.3,0.5,2.8,11.0,8.0,18.0,0.75,0.25,1.0,0.75,1.0,0.57,0.13,0.71,0.57,0.71,Matches,4.0
2,Vladimír Coufal,cz CZE,DF,31-018,,4,360.0,4.0,0.0,0.0,0.0,0.0,0.0,0.0,0.0,0.0,0.0,0.0,0.1,0.1,5.0,11.0,5.0,0.0,0.0,0.0,0.0,0.0,0.0,0.02,0.02,0.0,0.02,Matches,4.0
3,Emerson Palmieri,it ITA,DF,29-037,,4,360.0,4.0,0.0,0.0,0.0,0.0,0.0,0.0,3.0,0.0,0.0,0.0,0.6,0.6,6.0,10.0,10.0,0.0,0.0,0.0,0.0,0.0,0.01,0.15,0.16,0.01,0.16,Matches,4.0
4,Kurt Zouma,fr FRA,DF,28-317,,4,360.0,4.0,1.0,0.0,1.0,1.0,0.0,0.0,0.0,0.0,0.2,0.2,0.0,0.2,0.0,3.0,0.0,0.25,0.0,0.25,0.25,0.25,0.05,0.0,0.05,0.05,0.05,Matches,4.0
5,Lucas Paquetá,br BRA,MF,26-013,,4,352.0,3.9,1.0,1.0,2.0,0.0,1.0,1.0,2.0,0.0,1.4,0.6,1.2,1.8,1.0,26.0,6.0,0.26,0.26,0.51,0.0,0.26,0.35,0.31,0.67,0.15,0.47,Matches,4.0
6,Michail Antonio,jm JAM,FW,33-165,,4,309.0,3.4,2.0,0.0,2.0,2.0,0.0,0.0,1.0,0.0,0.9,0.9,0.3,1.2,5.0,4.0,14.0,0.58,0.0,0.58,0.58,0.58,0.25,0.09,0.34,0.25,0.34,Matches,4.0
7,Saïd Benrahma,dz ALG,"FW,MF",28-030,,3,281.0,3.1,0.0,1.0,1.0,0.0,0.0,0.0,0.0,0.0,0.4,0.4,0.8,1.2,15.0,14.0,37.0,0.0,0.32,0.32,0.0,0.32,0.12,0.26,0.38,0.12,0.38,Matches,4.0
8,James Ward-Prowse,eng ENG,MF,28-312,,3,260.0,2.9,1.0,3.0,4.0,1.0,0.0,0.0,1.0,0.0,0.8,0.8,0.4,1.2,1.0,11.0,3.0,0.35,1.04,1.38,0.35,1.38,0.29,0.14,0.43,0.29,0.43,Matches,3.0
9,Nayef Aguerd,ma MAR,DF,27-163,,3,246.0,2.7,1.0,0.0,1.0,1.0,0.0,0.0,2.0,1.0,0.1,0.1,0.0,0.2,1.0,8.0,0.0,0.37,0.0,0.37,0.37,0.37,0.05,0.01,0.06,0.05,0.06,Matches,3.0
10,Tomáš Souček,cz CZE,MF,28-194,,3,218.0,2.4,0.0,1.0,1.0,0.0,0.0,0.0,0.0,0.0,0.4,0.4,0.3,0.6,1.0,4.0,2.0,0.0,0.41,0.41,0.0,0.41,0.15,0.11,0.26,0.15,0.26,Matches,3.0
11,Edson Álvarez,mx MEX,MF,25-320,,2,183.0,2.0,0.0,0.0,0.0,0.0,0.0,0.0,1.0,0.0,0.1,0.1,0.1,0.2,0.0,3.0,2.0,0.0,0.0,0.0,0.0,0.0,0.07,0.04,0.11,0.07,0.11,Matches,3.0
12,Pablo Fornals,es ESP,"MF,FW",27-199,,1,126.0,1.4,0.0,0.0,0.0,0.0,0.0,0.0,0.0,0.0,0.2,0.2,0.1,0.3,2.0,7.0,8.0,0.0,0.0,0.0,0.0,0.0,0.15,0.05,0.2,0.15,0.2,Matches,4.0
13,Angelo Ogbonna,it ITA,DF,35-109,,1,112.0,1.2,0.0,0.0,0.0,0.0,0.0,0.0,0.0,0.0,0.0,0.0,0.0,0.0,0.0,1.0,0.0,0.0,0.0,0.0,0.0,0.0,0.0,0.0,0.0,0.0,0.0,Matches,2.0
14,Danny Ings,eng ENG,FW,31-048,,0,30.0,0.3,0.0,0.0,0.0,0.0,0.0,0.0,0.0,0.0,0.1,0.1,0.0,0.1,0.0,1.0,6.0,0.0,0.0,0.0,0.0,0.0,0.37,0.0,0.37,0.37,0.37,Matches,3.0
15,Thilo Kehrer,de GER,"DF,MF",26-353,,0,17.0,0.2,0.0,0.0,0.0,0.0,0.0,0.0,1.0,0.0,0.0,0.0,0.0,0.0,0.0,0.0,0.0,0.0,0.0,0.0,0.0,0.0,0.0,0.0,0.0,0.0,0.0,Matches,2.0
16,Maxwel Cornet,ci CIV,MF,26-347,,0,1.0,0.0,0.0,0.0,0.0,0.0,0.0,0.0,0.0,0.0,0.0,0.0,0.0,0.0,0.0,0.0,0.0,0.0,0.0,0.0,0.0,0.0,0.0,0.0,0.0,0.0,0.0,Matches,1.0
17,Kudus Mohammed,gh GHA,MF,23-038,,0,1.0,0.0,0.0,0.0,0.0,0.0,0.0,0.0,0.0,0.0,0.0,0.0,0.0,0.0,0.0,0.0,0.0,0.0,0.0,0.0,0.0,0.0,0.0,0.0,0.0,0.0,0.0,Matches,1.0
0,Aaron Ramsdale,eng ENG,GK,25-118,4.0,4,360.0,4.0,0.0,0.0,0.0,0.0,0.0,0.0,0.0,0.0,0.0,0.0,0.0,0.0,0.0,2.0,0.0,0.0,0.0,0.0,0.0,0.0,0.0,0.0,0.0,0.0,0.0,Matches,
1,William Saliba,fr FRA,DF,22-169,4.0,4,360.0,4.0,0.0,1.0,1.0,0.0,0.0,0.0,0.0,0.0,0.0,0.0,0.1,0.1,2.0,26.0,1.0,0.0,0.25,0.25,0.0,0.25,0.01,0.02,0.03,0.01,0.03,Matches,
2,Ben White,eng ENG,DF,25-336,4.0,4,360.0,4.0,0.0,0.0,0.0,0.0,0.0,0.0,1.0,0.0,0.0,0.0,0.6,0.6,7.0,23.0,17.0,0.0,0.0,0.0,0.0,0.0,0.0,0.14,0.14,0.0,0.14,Matches,
3,Declan Rice,eng ENG,MF,24-238,4.0,4,359.0,4.0,1.0,0.0,1.0,1.0,0.0,0.0,0.0,0.0,0.5,0.5,0.4,0.9,6.0,25.0,5.0,0.25,0.0,0.25,0.25,0.25,0.12,0.11,0.23,0.12,0.23,Matches,
4,Bukayo Saka,eng ENG,FW,22-004,4.0,4,358.0,4.0,2.0,1.0,3.0,1.0,1.0,1.0,1.0,0.0,2.2,1.4,1.2,2.7,26.0,17.0,67.0,0.5,0.25,0.75,0.25,0.5,0.56,0.31,0.87,0.36,0.67,Matches,
5,Martin Ødegaard,no NOR,MF,24-266,4.0,4,350.0,3.9,2.0,0.0,2.0,1.0,1.0,1.0,0.0,0.0,1.4,0.6,0.1,0.6,16.0,25.0,19.0,0.51,0.0,0.51,0.26,0.26,0.35,0.02,0.37,0.15,0.16,Matches,
6,Gabriel Martinelli,br BRA,FW,22-083,4.0,4,333.0,3.7,0.0,2.0,2.0,0.0,0.0,0.0,0.0,0.0,0.7,0.7,0.3,1.0,17.0,14.0,52.0,0.0,0.54,0.54,0.0,0.54,0.19,0.09,0.28,0.19,0.28,Matches,
7,Kai Havertz,de GER,"MF,FW",24-090,4.0,4,311.0,3.5,0.0,0.0,0.0,0.0,0.0,0.0,1.0,0.0,0.7,0.7,0.6,1.3,5.0,15.0,17.0,0.0,0.0,0.0,0.0,0.0,0.2,0.18,0.38,0.2,0.38,Matches,
8,Eddie Nketiah,eng ENG,FW,24-102,4.0,3,271.0,3.0,2.0,0.0,2.0,2.0,0.0,0.0,0.0,0.0,1.4,1.4,0.2,1.6,4.0,5.0,17.0,0.66,0.0,0.66,0.66,0.66,0.47,0.06,0.53,0.47,0.53,Matches,
9,Thomas Partey,gh GHA,DF,30-088,3.0,3,235.0,2.6,0.0,0.0,0.0,0.0,0.0,0.0,0.0,0.0,0.1,0.1,0.1,0.2,9.0,28.0,4.0,0.0,0.0,0.0,0.0,0.0,0.03,0.04,0.07,0.03,0.07,Matches,
10,Takehiro Tomiyasu,jp JPN,DF,24-308,3.0,1,122.0,1.4,0.0,0.0,0.0,0.0,0.0,0.0,2.0,1.0,0.0,0.0,0.0,0.0,1.0,9.0,4.0,0.0,0.0,0.0,0.0,0.0,0.02,0.0,0.02,0.02,0.02,Matches,
11,Gabriel Dos Santos,br BRA,DF,25-264,3.0,1,116.0,1.3,0.0,0.0,0.0,0.0,0.0,0.0,0.0,0.0,0.0,0.0,0.0,0.0,0.0,5.0,0.0,0.0,0.0,0.0,0.0,0.0,0.0,0.0,0.0,0.0,0.0,Matches,
12,Oleksandr Zinchenko,ua UKR,DF,26-268,3.0,1,112.0,1.2,0.0,0.0,0.0,0.0,0.0,0.0,0.0,0.0,0.0,0.0,0.2,0.2,4.0,10.0,5.0,0.0,0.0,0.0,0.0,0.0,0.0,0.13,0.13,0.0,0.13,Matches,
13,Jakub Kiwior,pl POL,DF,23-206,2.0,1,92.0,1.0,0.0,0.0,0.0,0.0,0.0,0.0,0.0,0.0,0.4,0.4,0.0,0.4,0.0,8.0,4.0,0.0,0.0,0.0,0.0,0.0,0.41,0.0,0.41,0.41,0.41,Matches,
14,Leandro Trossard,be BEL,"FW,MF",28-279,2.0,1,62.0,0.7,0.0,0.0,0.0,0.0,0.0,0.0,0.0,0.0,0.0,0.0,0.7,0.7,2.0,2.0,5.0,0.0,0.0,0.0,0.0,0.0,0.0,1.02,1.02,0.0,1.02,Matches,
15,Jurriën Timber,nl NED,DF,22-084,1.0,1,49.0,0.5,0.0,0.0,0.0,0.0,0.0,0.0,1.0,0.0,0.0,0.0,0.0,0.0,0.0,7.0,3.0,0.0,0.0,0.0,0.0,0.0,0.0,0.0,0.0,0.0,0.0,Matches,
16,Fabio Vieira,pt POR,MF,23-102,2.0,0,49.0,0.5,0.0,2.0,2.0,0.0,0.0,0.0,0.0,0.0,0.0,0.0,1.0,1.1,4.0,7.0,9.0,0.0,3.67,3.67,0.0,3.67,0.08,1.85,1.93,0.08,1.93,Matches,
17,Jorginho,it ITA,MF,31-263,3.0,0,20.0,0.2,0.0,0.0,0.0,0.0,0.0,0.0,0.0,0.0,0.0,0.0,0.0,0.0,2.0,7.0,0.0,0.0,0.0,0.0,0.0,0.0,0.0,0.0,0.0,0.0,0.0,Matches,
18,Gabriel Jesus,br BRA,"FW,MF",26-159,2.0,0,16.0,0.2,1.0,0.0,1.0,1.0,0.0,0.0,1.0,0.0,0.9,0.9,0.0,0.9,2.0,1.0,2.0,5.63,0.0,5.63,5.63,5.63,5.06,0.11,5.18,5.06,5.18,Matches,
19,Reiss Nelson,eng ENG,FW,23-273,1.0,0,1.0,0.0,0.0,0.0,0.0,0.0,0.0,0.0,0.0,0.0,0.0,0.0,0.0,0.0,1.0,0.0,2.0,0.0,0.0,0.0,0.0,0.0,0.0,0.0,0.0,0.0,0.0,Matches,
0,Lewis Dunk,eng ENG,DF,31-292,4.0,4,360.0,4.0,0.0,0.0,0.0,0.0,0.0,0.0,0.0,0.0,0.2,0.2,0.1,0.3,13.0,36.0,2.0,0.0,0.0,0.0,0.0,0.0,0.06,0.01,0.08,0.06,0.08,Matches,
1,Pervis Estupiñán,ec ECU,DF,25-231,4.0,4,360.0,4.0,1.0,2.0,3.0,1.0,0.0,0.0,2.0,0.0,0.4,0.4,2.3,2.6,19.0,34.0,32.0,0.25,0.5,0.75,0.25,0.75,0.09,0.56,0.65,0.09,0.65,Matches,
2,Kaoru Mitoma,jp JPN,FW,26-112,4.0,4,350.0,3.9,1.0,3.0,4.0,1.0,0.0,0.0,2.0,0.0,0.8,0.8,1.4,2.2,28.0,11.0,60.0,0.26,0.77,1.03,0.26,1.03,0.2,0.37,0.56,0.2,0.56,Matches,
3,Pascal Groß,de GER,MF,32-086,4.0,4,348.0,3.9,1.0,0.0,1.0,1.0,0.0,0.0,1.0,0.0,0.7,0.7,1.1,1.7,7.0,45.0,25.0,0.26,0.0,0.26,0.26,0.26,0.17,0.28,0.45,0.17,0.45,Matches,
4,Solly March,eng ENG,FW,29-051,4.0,4,314.0,3.5,3.0,0.0,3.0,3.0,0.0,0.0,0.0,0.0,1.5,1.5,0.2,1.6,6.0,13.0,35.0,0.86,0.0,0.86,0.86,0.86,0.42,0.05,0.47,0.42,0.47,Matches,
5,Billy Gilmour,sct SCO,MF,22-090,4.0,3,242.0,2.7,0.0,1.0,1.0,0.0,0.0,0.0,0.0,0.0,0.2,0.2,0.2,0.5,4.0,25.0,4.0,0.0,0.37,0.37,0.0,0.37,0.08,0.09,0.17,0.08,0.17,Matches,
6,James Milner,eng ENG,DF,37-248,4.0,3,215.0,2.4,0.0,0.0,0.0,0.0,0.0,0.0,2.0,0.0,0.0,0.0,0.1,0.1,2.0,17.0,15.0,0.0,0.0,0.0,0.0,0.0,0.0,0.05,0.05,0.0,0.05,Matches,
7,Danny Welbeck,eng ENG,"FW,MF",32-287,3.0,3,192.0,2.1,0.0,0.0,0.0,0.0,0.0,0.0,0.0,0.0,0.5,0.5,0.2,0.7,6.0,5.0,12.0,0.0,0.0,0.0,0.0,0.0,0.25,0.1,0.35,0.25,0.35,Matches,
8,João Pedro,br BRA,MF,21-348,4.0,2,228.0,2.5,1.0,0.0,1.0,0.0,1.0,1.0,1.0,0.0,1.8,1.0,0.2,1.2,11.0,9.0,27.0,0.39,0.0,0.39,0.0,0.0,0.7,0.06,0.77,0.39,0.45,Matches,
9,Evan Ferguson,ie IRL,FW,18-325,4.0,2,207.0,2.3,4.0,0.0,4.0,4.0,0.0,0.0,0.0,0.0,2.4,2.4,0.1,2.4,2.0,5.0,9.0,1.74,0.0,1.74,1.74,1.74,1.03,0.03,1.05,1.03,1.05,Matches,
10,Jan Paul van Hecke,nl NED,DF,23-093,2.0,2,180.0,2.0,0.0,0.0,0.0,0.0,0.0,0.0,0.0,0.0,0.0,0.0,0.0,0.0,0.0,9.0,0.0,0.0,0.0,0.0,0.0,0.0,0.01,0.0,0.01,0.01,0.01,Matches,
11,Jason Steele,eng ENG,GK,33-022,2.0,2,180.0,2.0,0.0,0.0,0.0,0.0,0.0,0.0,0.0,0.0,0.0,0.0,0.0,0.0,0.0,0.0,0.0,0.0,0.0,0.0,0.0,0.0,0.0,0.0,0.0,0.0,0.0,Matches,
12,Bart Verbruggen,nl NED,GK,21-022,2.0,2,180.0,2.0,0.0,0.0,0.0,0.0,0.0,0.0,0.0,0.0,0.0,0.0,0.0,0.0,0.0,0.0,0.0,0.0,0.0,0.0,0.0,0.0,0.0,0.0,0.0,0.0,0.0,Matches,
13,Adam Webster,eng ENG,DF,28-248,2.0,2,180.0,2.0,0.0,0.0,0.0,0.0,0.0,0.0,1.0,0.0,0.0,0.0,0.0,0.0,5.0,19.0,0.0,0.0,0.0,0.0,0.0,0.0,0.0,0.0,0.0,0.0,0.0,Matches,
14,Joël Veltman,nl NED,DF,31-237,4.0,1,155.0,1.7,0.0,1.0,1.0,0.0,0.0,0.0,0.0,0.0,0.1,0.1,0.0,0.1,1.0,5.0,1.0,0.0,0.58,0.58,0.0,0.58,0.04,0.01,0.05,0.04,0.05,Matches,
15,Mahmoud Dahoud,de GER,MF,27-251,3.0,1,97.0,1.1,0.0,0.0,0.0,0.0,0.0,0.0,1.0,0.0,0.0,0.0,0.1,0.2,0.0,6.0,0.0,0.0,0.0,0.0,0.0,0.0,0.04,0.12,0.16,0.04,0.16,Matches,
16,Julio César Enciso,py PAR,MF,19-229,2.0,1,69.0,0.8,0.0,2.0,2.0,0.0,0.0,0.0,1.0,0.0,0.2,0.2,0.7,0.9,5.0,0.0,5.0,0.0,2.61,2.61,0.0,2.61,0.26,0.96,1.22,0.26,1.22,Matches,
17,Adam Lallana,eng ENG,"MF,FW",35-122,3.0,0,51.0,0.6,0.0,0.0,0.0,0.0,0.0,0.0,1.0,0.0,0.0,0.0,0.1,0.1,0.0,5.0,9.0,0.0,0.0,0.0,0.0,0.0,0.0,0.1,0.1,0.0,0.1,Matches,
18,Simon Adingra,ci CIV,"FW,MF",21-251,3.0,0,38.0,0.4,1.0,0.0,1.0,1.0,0.0,0.0,0.0,0.0,0.4,0.4,0.1,0.4,2.0,0.0,5.0,2.37,0.0,2.37,2.37,2.37,0.84,0.17,1.0,0.84,1.0,Matches,
19,Tariq Lamptey,gh GHA,FW,22-344,1.0,0,14.0,0.2,0.0,0.0,0.0,0.0,0.0,0.0,1.0,0.0,0.0,0.0,0.0,0.0,2.0,0.0,2.0,0.0,0.0,0.0,0.0,0.0,0.0,0.0,0.0,0.0,0.0,Matches,
0,Joachim Andersen,dk DEN,DF,27-101,,4,360.0,4.0,1.0,0.0,1.0,1.0,0.0,0.0,0.0,0.0,0.2,0.2,0.2,0.4,7.0,38.0,2.0,0.25,0.0,0.25,0.25,0.25,0.05,0.06,0.11,0.05,0.11,Matches,4.0
1,Jordan Ayew,gh GHA,FW,31-363,,4,360.0,4.0,0.0,2.0,2.0,0.0,0.0,0.0,1.0,0.0,0.9,0.9,1.0,1.9,13.0,8.0,39.0,0.0,0.5,0.5,0.0,0.5,0.23,0.26,0.48,0.23,0.48,Matches,4.0
2,Cheick Doucouré,ml MLI,MF,23-244,,4,360.0,4.0,0.0,0.0,0.0,0.0,0.0,0.0,1.0,0.0,0.1,0.1,0.1,0.2,3.0,18.0,1.0,0.0,0.0,0.0,0.0,0.0,0.03,0.03,0.06,0.03,0.06,Matches,4.0
3,Eberechi Eze,eng ENG,"MF,FW",25-072,,4,360.0,4.0,1.0,0.0,1.0,1.0,0.0,0.0,0.0,0.0,1.7,1.7,0.8,2.6,13.0,13.0,25.0,0.25,0.0,0.25,0.25,0.25,0.44,0.21,0.64,0.44,0.64,Matches,4.0
4,Sam Johnstone,eng ENG,GK,30-168,,4,360.0,4.0,0.0,0.0,0.0,0.0,0.0,0.0,0.0,0.0,0.0,0.0,0.0,0.0,0.0,0.0,0.0,0.0,0.0,0.0,0.0,0.0,0.0,0.0,0.0,0.0,0.0,Matches,4.0
5,Jefferson Lerma,co COL,MF,28-319,,4,360.0,4.0,0.0,0.0,0.0,0.0,0.0,0.0,0.0,0.0,0.2,0.2,0.6,0.8,4.0,13.0,9.0,0.0,0.0,0.0,0.0,0.0,0.04,0.16,0.2,0.04,0.2,Matches,4.0
6,Tyrick Mitchell,eng ENG,DF,24-008,,4,360.0,4.0,0.0,1.0,1.0,0.0,0.0,0.0,0.0,0.0,0.1,0.1,0.5,0.6,2.0,9.0,25.0,0.0,0.25,0.25,0.0,0.25,0.01,0.12,0.14,0.01,0.14,Matches,4.0
7,Marc Guéhi,eng ENG,DF,23-058,,4,359.0,4.0,0.0,0.0,0.0,0.0,0.0,0.0,0.0,0.0,0.0,0.0,0.0,0.1,4.0,12.0,1.0,0.0,0.0,0.0,0.0,0.0,0.01,0.01,0.01,0.01,0.01,Matches,4.0
8,Joel Ward,eng ENG,DF,33-315,,4,352.0,3.9,0.0,0.0,0.0,0.0,0.0,0.0,1.0,0.0,0.0,0.0,0.0,0.0,5.0,15.0,4.0,0.0,0.0,0.0,0.0,0.0,0.0,0.0,0.0,0.0,0.0,Matches,4.0
9,Odsonne Édouard,fr FRA,FW,25-236,,4,339.0,3.8,3.0,0.0,3.0,3.0,0.0,0.0,0.0,0.0,2.3,2.3,0.2,2.5,8.0,8.0,22.0,0.8,0.0,0.8,0.8,0.8,0.61,0.07,0.67,0.61,0.67,Matches,4.0
10,Jeffrey Schlupp,gh GHA,FW,30-260,,4,303.0,3.4,0.0,0.0,0.0,0.0,0.0,0.0,0.0,0.0,0.3,0.3,0.5,0.8,1.0,10.0,9.0,0.0,0.0,0.0,0.0,0.0,0.09,0.16,0.25,0.09,0.25,Matches,4.0
11,Jean-Philippe Mateta,fr FRA,FW,26-073,,0,40.0,0.4,0.0,2.0,2.0,0.0,0.0,0.0,0.0,0.0,0.0,0.0,0.7,0.7,0.0,2.0,3.0,0.0,4.5,4.5,0.0,4.5,0.0,1.48,1.48,0.0,1.48,Matches,2.0
12,Naouirou Ahamada,fr FRA,"FW,MF",21-164,,0,37.0,0.4,0.0,0.0,0.0,0.0,0.0,0.0,0.0,0.0,0.0,0.0,0.0,0.0,2.0,4.0,4.0,0.0,0.0,0.0,0.0,0.0,0.0,0.0,0.0,0.0,0.0,Matches,2.0
13,Jesuran Rak Sakyi,eng ENG,DF,20-339,,0,8.0,0.1,0.0,0.0,0.0,0.0,0.0,0.0,0.0,0.0,0.0,0.0,0.1,0.1,1.0,0.0,4.0,0.0,0.0,0.0,0.0,0.0,0.27,1.09,1.36,0.27,1.36,Matches,1.0
14,Will Hughes,eng ENG,MF,28-145,,0,1.0,0.0,0.0,0.0,0.0,0.0,0.0,0.0,0.0,0.0,0.0,0.0,0.1,0.1,0.0,0.0,1.0,0.0,0.0,0.0,0.0,0.0,0.0,6.94,6.94,0.0,6.94,Matches,1.0
15,James Tomkins,eng ENG,DF,34-164,,0,1.0,0.0,0.0,0.0,0.0,0.0,0.0,0.0,0.0,0.0,0.0,0.0,0.0,0.0,0.0,0.0,0.0,0.0,0.0,0.0,0.0,0.0,0.0,0.0,0.0,0.0,0.0,Matches,1.0
0,Mark Flekken,nl NED,GK,30-088,,4,360.0,4.0,0.0,0.0,0.0,0.0,0.0,0.0,0.0,0.0,0.0,0.0,0.0,0.0,0.0,1.0,0.0,0.0,0.0,0.0,0.0,0.0,0.0,0.0,0.0,0.0,0.0,Matches,4.0
1,Rico Henry,eng ENG,DF,26-063,,4,360.0,4.0,0.0,1.0,1.0,0.0,0.0,0.0,1.0,0.0,0.1,0.1,1.0,1.1,12.0,18.0,11.0,0.0,0.25,0.25,0.0,0.25,0.02,0.24,0.26,0.02,0.26,Matches,4.0
2,Bryan Mbeumo,cm CMR,FW,24-033,,4,360.0,4.0,4.0,0.0,4.0,2.0,2.0,2.0,0.0,0.0,4.1,2.5,0.6,3.1,15.0,13.0,35.0,1.0,0.0,1.0,0.5,0.5,1.02,0.15,1.17,0.63,0.78,Matches,4.0
3,Ethan Pinnock,jm JAM,DF,30-103,,4,360.0,4.0,0.0,0.0,0.0,0.0,0.0,0.0,0.0,0.0,0.5,0.5,0.8,1.4,0.0,9.0,3.0,0.0,0.0,0.0,0.0,0.0,0.14,0.21,0.35,0.14,0.35,Matches,4.0
4,Vitaly Janelt,de GER,MF,25-122,,4,340.0,3.8,0.0,0.0,0.0,0.0,0.0,0.0,0.0,0.0,0.3,0.3,0.2,0.4,1.0,14.0,14.0,0.0,0.0,0.0,0.0,0.0,0.07,0.05,0.12,0.07,0.12,Matches,4.0
5,Christian Nørgaard,dk DEN,MF,29-183,,4,329.0,3.7,0.0,1.0,1.0,0.0,0.0,0.0,0.0,0.0,0.2,0.2,0.3,0.5,0.0,26.0,9.0,0.0,0.27,0.27,0.0,0.27,0.05,0.09,0.13,0.05,0.13,Matches,4.0
6,Yoane Wissa,cd COD,FW,27-006,,4,329.0,3.7,2.0,0.0,2.0,2.0,0.0,0.0,0.0,0.0,2.4,2.4,0.1,2.5,6.0,4.0,20.0,0.55,0.0,0.55,0.55,0.55,0.65,0.02,0.67,0.65,0.67,Matches,4.0
7,Aaron Hickey,sct SCO,DF,21-091,,4,319.0,3.5,0.0,0.0,0.0,0.0,0.0,0.0,2.0,0.0,0.1,0.1,0.1,0.1,3.0,12.0,3.0,0.0,0.0,0.0,0.0,0.0,0.02,0.02,0.04,0.02,0.04,Matches,4.0
8,Mathias Jensen,dk DEN,MF,27-251,,4,288.0,3.2,1.0,0.0,1.0,1.0,0.0,0.0,1.0,0.0,0.1,0.1,0.7,0.9,2.0,12.0,7.0,0.31,0.0,0.31,0.31,0.31,0.04,0.23,0.27,0.04,0.27,Matches,4.0
9,Nathan Collins,ie IRL,DF,22-132,,3,280.0,3.1,0.0,1.0,1.0,0.0,0.0,0.0,0.0,0.0,0.2,0.2,0.5,0.7,1.0,7.0,3.0,0.0,0.32,0.32,0.0,0.32,0.05,0.18,0.23,0.05,0.23,Matches,4.0
10,Kevin Schade,de GER,FW,21-286,,3,238.0,2.6,1.0,0.0,1.0,1.0,0.0,0.0,0.0,0.0,0.7,0.7,0.4,1.1,2.0,9.0,15.0,0.38,0.0,0.38,0.38,0.38,0.27,0.16,0.43,0.27,0.43,Matches,4.0
11,Kristoffer Ajer,no NOR,DF,25-145,,1,95.0,1.1,0.0,1.0,1.0,0.0,0.0,0.0,0.0,0.0,0.3,0.3,1.0,1.3,2.0,5.0,4.0,0.0,0.95,0.95,0.0,0.95,0.29,0.91,1.2,0.29,1.2,Matches,3.0
12,Ben Mee,eng ENG,DF,33-353,,1,80.0,0.9,0.0,0.0,0.0,0.0,0.0,0.0,0.0,0.0,0.0,0.0,0.1,0.1,0.0,4.0,1.0,0.0,0.0,0.0,0.0,0.0,0.0,0.13,0.13,0.0,0.13,Matches,1.0
13,Mikkel Damsgaard,dk DEN,"MF,FW",23-068,,0,54.0,0.6,0.0,0.0,0.0,0.0,0.0,0.0,0.0,0.0,0.1,0.1,0.0,0.1,0.0,4.0,0.0,0.0,0.0,0.0,0.0,0.0,0.12,0.0,0.12,0.12,0.12,Matches,2.0
14,Keane Lewis-Potter,eng ENG,"FW,MF",22-199,,0,51.0,0.6,0.0,0.0,0.0,0.0,0.0,0.0,0.0,0.0,0.7,0.7,0.0,0.7,3.0,0.0,11.0,0.0,0.0,0.0,0.0,0.0,1.29,0.0,1.29,1.29,1.29,Matches,3.0
15,Frank Onyeka,ng NGA,MF,25-251,,0,40.0,0.4,0.0,0.0,0.0,0.0,0.0,0.0,0.0,0.0,0.3,0.3,0.7,1.0,0.0,5.0,6.0,0.0,0.0,0.0,0.0,0.0,0.64,1.64,2.28,0.64,2.28,Matches,2.0
16,Mads Roerslev,dk DEN,DF,24-077,,0,32.0,0.4,0.0,0.0,0.0,0.0,0.0,0.0,0.0,0.0,0.0,0.0,0.0,0.0,0.0,0.0,2.0,0.0,0.0,0.0,0.0,0.0,0.09,0.0,0.09,0.09,0.09,Matches,2.0
17,Shandon Baptiste,gd GRN,MF,25-154,,0,19.0,0.2,0.0,0.0,0.0,0.0,0.0,0.0,0.0,0.0,0.0,0.0,0.0,0.0,0.0,0.0,0.0,0.0,0.0,0.0,0.0,0.0,0.0,0.0,0.0,0.0,0.0,Matches,1.0
18,Josh Dasilva,eng ENG,MF,24-321,,0,10.0,0.1,0.0,0.0,0.0,0.0,0.0,0.0,0.0,0.0,0.0,0.0,0.0,0.0,0.0,0.0,0.0,0.0,0.0,0.0,0.0,0.0,0.0,0.0,0.0,0.0,0.0,Matches,1.0
19,Michael Olakigbe,eng ENG,MF,19-137,,0,9.0,0.1,0.0,0.0,0.0,0.0,0.0,0.0,0.0,0.0,0.0,0.0,0.0,0.0,3.0,3.0,2.0,0.0,0.0,0.0,0.0,0.0,0.23,0.0,0.23,0.23,0.23,Matches,1.0
20,Mathias Jørgensen,dk DEN,DF,33-139,,0,7.0,0.1,0.0,0.0,0.0,0.0,0.0,0.0,0.0,0.0,0.0,0.0,0.3,0.3,0.0,1.0,1.0,0.0,0.0,0.0,0.0,0.0,0.0,4.48,4.48,0.0,4.48,Matches,1.0
0,Morgan Gibbs-White,eng ENG,"MF,FW",23-225,4.0,4,360.0,4.0,0.0,1.0,1.0,0.0,0.0,0.0,1.0,0.0,0.4,0.4,1.1,1.5,9.0,14.0,16.0,0.0,0.25,0.25,0.0,0.25,0.1,0.28,0.39,0.1,0.39,Matches,
1,Matt Turner,us USA,GK,29-077,4.0,4,360.0,4.0,0.0,0.0,0.0,0.0,0.0,0.0,1.0,0.0,0.0,0.0,0.0,0.0,0.0,0.0,0.0,0.0,0.0,0.0,0.0,0.0,0.0,0.0,0.0,0.0,0.0,Matches,
2,Serge Aurier,ci CIV,"DF,MF",30-259,4.0,4,341.0,3.8,0.0,2.0,2.0,0.0,0.0,0.0,2.0,0.0,0.0,0.0,0.4,0.4,5.0,18.0,14.0,0.0,0.53,0.53,0.0,0.53,0.0,0.11,0.12,0.0,0.12,Matches,
3,Willy Boly,ci CIV,DF,32-218,4.0,4,338.0,3.8,1.0,0.0,1.0,1.0,0.0,0.0,1.0,0.0,0.8,0.8,0.3,1.1,1.0,5.0,1.0,0.27,0.0,0.27,0.27,0.27,0.22,0.07,0.29,0.22,0.29,Matches,
4,Joe Worrall,eng ENG,DF,26-242,4.0,4,335.0,3.7,0.0,0.0,0.0,0.0,0.0,0.0,0.0,1.0,0.1,0.1,0.2,0.3,0.0,4.0,1.0,0.0,0.0,0.0,0.0,0.0,0.03,0.05,0.08,0.03,0.08,Matches,
5,Scott McKenna,sct SCO,DF,26-301,4.0,4,326.0,3.6,0.0,0.0,0.0,0.0,0.0,0.0,0.0,0.0,0.2,0.2,0.1,0.3,1.0,6.0,0.0,0.0,0.0,0.0,0.0,0.0,0.05,0.04,0.09,0.05,0.09,Matches,
6,Danilo,br BRA,"MF,FW",22-133,4.0,4,283.0,3.1,0.0,0.0,0.0,0.0,0.0,0.0,0.0,0.0,0.2,0.2,0.1,0.2,3.0,7.0,7.0,0.0,0.0,0.0,0.0,0.0,0.05,0.02,0.07,0.05,0.07,Matches,
7,Ryan Yates,eng ENG,"MF,DF",25-292,4.0,3,292.0,3.2,0.0,0.0,0.0,0.0,0.0,0.0,1.0,0.0,0.0,0.0,0.0,0.0,4.0,8.0,1.0,0.0,0.0,0.0,0.0,0.0,0.0,0.0,0.0,0.0,0.0,Matches,
8,Taiwo Awoniyi,ng NGA,FW,26-028,4.0,3,247.0,2.7,3.0,1.0,4.0,3.0,0.0,0.0,0.0,0.0,1.8,1.8,0.5,2.3,3.0,6.0,11.0,1.09,0.36,1.46,1.09,1.46,0.65,0.18,0.83,0.65,0.83,Matches,
9,Brennan Johnson,wls WAL,"FW,MF",22-109,3.0,3,237.0,2.6,0.0,0.0,0.0,0.0,0.0,0.0,0.0,0.0,0.3,0.3,0.2,0.5,8.0,1.0,14.0,0.0,0.0,0.0,0.0,0.0,0.12,0.08,0.21,0.12,0.21,Matches,
10,Ola Aina,ng NGA,"DF,MF",26-336,3.0,3,233.0,2.6,0.0,0.0,0.0,0.0,0.0,0.0,3.0,0.0,0.0,0.0,0.0,0.0,3.0,1.0,1.0,0.0,0.0,0.0,0.0,0.0,0.01,0.0,0.01,0.01,0.01,Matches,
11,Orel Mangala,be BEL,MF,25-175,3.0,3,228.0,2.5,0.0,0.0,0.0,0.0,0.0,0.0,1.0,0.0,0.0,0.0,0.0,0.0,0.0,5.0,2.0,0.0,0.0,0.0,0.0,0.0,0.0,0.01,0.01,0.0,0.01,Matches,
12,Neco Williams,wls WAL,"MF,DF",22-149,2.0,1,109.0,1.2,0.0,0.0,0.0,0.0,0.0,0.0,0.0,0.0,0.0,0.0,0.0,0.1,1.0,2.0,4.0,0.0,0.0,0.0,0.0,0.0,0.02,0.03,0.04,0.02,0.04,Matches,
13,Anthony Elanga,se SWE,"MF,FW",21-135,4.0,0,89.0,1.0,1.0,1.0,2.0,1.0,0.0,0.0,0.0,0.0,0.6,0.6,0.6,1.2,8.0,2.0,7.0,1.01,1.01,2.02,1.01,2.02,0.56,0.66,1.21,0.56,1.21,Matches,
14,Chris Wood,nz NZL,FW,31-276,4.0,0,44.0,0.5,1.0,0.0,1.0,1.0,0.0,0.0,0.0,0.0,0.1,0.1,0.1,0.2,1.0,1.0,0.0,2.05,0.0,2.05,2.05,2.05,0.24,0.14,0.38,0.24,0.38,Matches,
15,Cheikhou Kouyaté,sn SEN,MF,33-262,4.0,0,41.0,0.5,0.0,0.0,0.0,0.0,0.0,0.0,1.0,0.0,0.0,0.0,0.0,0.1,0.0,2.0,0.0,0.0,0.0,0.0,0.0,0.0,0.05,0.1,0.15,0.05,0.15,Matches,
16,Moussa Niakhate,sn SEN,"DF,FW",27-185,2.0,0,35.0,0.4,0.0,0.0,0.0,0.0,0.0,0.0,0.0,0.0,0.0,0.0,0.0,0.0,0.0,1.0,0.0,0.0,0.0,0.0,0.0,0.0,0.0,0.0,0.0,0.0,0.0,Matches,
17,Gonzalo Montiel,ar ARG,DF,26-251,1.0,0,19.0,0.2,0.0,0.0,0.0,0.0,0.0,0.0,0.0,0.0,0.0,0.0,0.0,0.0,0.0,0.0,0.0,0.0,0.0,0.0,0.0,0.0,0.0,0.0,0.0,0.0,0.0,Matches,
18,Nuno Tavares,pt POR,DF,23-226,1.0,0,19.0,0.2,0.0,0.0,0.0,0.0,0.0,0.0,1.0,0.0,0.0,0.0,0.0,0.0,1.0,0.0,0.0,0.0,0.0,0.0,0.0,0.0,0.0,0.0,0.0,0.0,0.0,Matches,
0,Boubacar Kamara,fr FRA,MF,23-290,,4,360.0,4.0,0.0,0.0,0.0,0.0,0.0,0.0,1.0,0.0,0.1,0.1,0.4,0.4,4.0,18.0,1.0,0.0,0.0,0.0,0.0,0.0,0.01,0.09,0.1,0.01,0.1,Matches,4.0
1,Ezri Konsa,eng ENG,DF,25-321,,4,360.0,4.0,0.0,0.0,0.0,0.0,0.0,0.0,0.0,0.0,0.0,0.0,0.0,0.0,1.0,8.0,2.0,0.0,0.0,0.0,0.0,0.0,0.0,0.0,0.0,0.0,0.0,Matches,4.0
2,Matty Cash,pl POL,DF,26-033,,4,356.0,4.0,2.0,0.0,2.0,2.0,0.0,0.0,1.0,0.0,2.1,2.1,0.1,2.2,7.0,9.0,9.0,0.51,0.0,0.51,0.51,0.51,0.53,0.03,0.55,0.53,0.55,Matches,4.0
3,Lucas Digne,fr FRA,DF,30-051,,4,350.0,3.9,0.0,1.0,1.0,0.0,0.0,0.0,2.0,0.0,0.0,0.0,0.8,0.8,5.0,10.0,37.0,0.0,0.26,0.26,0.0,0.26,0.01,0.2,0.21,0.01,0.21,Matches,4.0
4,John McGinn,sct SCO,"MF,FW",28-326,,4,333.0,3.7,1.0,0.0,1.0,1.0,0.0,0.0,0.0,0.0,0.8,0.8,0.3,1.1,5.0,21.0,14.0,0.27,0.0,0.27,0.27,0.27,0.2,0.08,0.29,0.2,0.29,Matches,4.0
5,Ollie Watkins,eng ENG,FW,27-253,,4,320.0,3.6,0.0,2.0,2.0,0.0,0.0,0.0,0.0,0.0,1.8,1.8,1.3,3.1,5.0,3.0,18.0,0.0,0.56,0.56,0.0,0.56,0.5,0.37,0.86,0.5,0.86,Matches,4.0
6,Moussa Diaby,fr FRA,"MF,FW",24-064,,4,311.0,3.5,2.0,1.0,3.0,2.0,0.0,0.0,0.0,0.0,0.9,0.9,1.5,2.3,12.0,12.0,21.0,0.58,0.29,0.87,0.58,0.87,0.25,0.42,0.67,0.25,0.67,Matches,4.0
7,Douglas Luiz,br BRA,MF,25-123,,4,309.0,3.4,1.0,0.0,1.0,0.0,1.0,1.0,2.0,0.0,1.0,0.2,0.4,0.6,7.0,21.0,6.0,0.29,0.0,0.29,0.0,0.0,0.28,0.11,0.39,0.05,0.16,Matches,4.0
8,Pau Torres,es ESP,DF,26-236,,3,330.0,3.7,0.0,0.0,0.0,0.0,0.0,0.0,0.0,0.0,0.0,0.0,0.0,0.0,4.0,10.0,1.0,0.0,0.0,0.0,0.0,0.0,0.01,0.0,0.01,0.01,0.01,Matches,4.0
9,Emiliano Martínez,ar ARG,GK,31-007,,3,270.0,3.0,0.0,0.0,0.0,0.0,0.0,0.0,1.0,0.0,0.0,0.0,0.0,0.0,0.0,0.0,0.0,0.0,0.0,0.0,0.0,0.0,0.0,0.0,0.0,0.0,0.0,Matches,3.0
10,Diego Carlos,br BRA,DF,30-178,,2,162.0,1.8,0.0,0.0,0.0,0.0,0.0,0.0,0.0,0.0,0.4,0.4,0.0,0.4,0.0,3.0,0.0,0.0,0.0,0.0,0.0,0.0,0.21,0.0,0.21,0.21,0.21,Matches,4.0
11,Leon Bailey,jm JAM,"FW,MF",26-031,,2,153.0,1.7,1.0,1.0,2.0,1.0,0.0,0.0,0.0,0.0,0.3,0.3,0.6,1.0,9.0,3.0,12.0,0.59,0.59,1.18,0.59,1.18,0.19,0.38,0.57,0.19,0.57,Matches,3.0
12,Robin Olsen,se SWE,GK,33-244,,1,90.0,1.0,0.0,0.0,0.0,0.0,0.0,0.0,0.0,0.0,0.0,0.0,0.0,0.0,0.0,0.0,0.0,0.0,0.0,0.0,0.0,0.0,0.0,0.0,0.0,0.0,0.0,Matches,1.0
13,Tyrone Mings,eng ENG,DF,30-180,,1,30.0,0.3,0.0,0.0,0.0,0.0,0.0,0.0,0.0,0.0,0.0,0.0,0.0,0.0,0.0,0.0,0.0,0.0,0.0,0.0,0.0,0.0,0.02,0.07,0.09,0.02,0.09,Matches,1.0
14,Youri Tielemans,be BEL,"MF,FW",26-125,,0,97.0,1.1,0.0,0.0,0.0,0.0,0.0,0.0,0.0,0.0,0.0,0.0,0.1,0.1,1.0,7.0,3.0,0.0,0.0,0.0,0.0,0.0,0.0,0.07,0.07,0.0,0.07,Matches,4.0
15,Nicolò Zaniolo,it ITA,MF,24-069,,0,44.0,0.5,0.0,0.0,0.0,0.0,0.0,0.0,0.0,0.0,0.2,0.2,0.1,0.3,4.0,3.0,4.0,0.0,0.0,0.0,0.0,0.0,0.45,0.12,0.57,0.45,0.57,Matches,2.0
16,Jhon Durán,co COL,FW,19-270,,0,40.0,0.4,1.0,0.0,1.0,1.0,0.0,0.0,0.0,0.0,0.6,0.6,0.0,0.6,4.0,1.0,3.0,2.25,0.0,2.25,2.25,2.25,1.42,0.04,1.45,1.42,1.45,Matches,3.0
17,Philippe Coutinho,br BRA,"MF,FW",31-089,,0,25.0,0.3,0.0,0.0,0.0,0.0,0.0,0.0,0.0,0.0,0.1,0.1,0.0,0.1,5.0,5.0,2.0,0.0,0.0,0.0,0.0,0.0,0.52,0.0,0.52,0.52,0.52,Matches,2.0
18,Bertrand Traoré,bf BFA,DF,28-003,,0,10.0,0.1,0.0,0.0,0.0,0.0,0.0,0.0,0.0,0.0,0.0,0.0,0.0,0.0,0.0,0.0,0.0,0.0,0.0,0.0,0.0,0.0,0.0,0.0,0.0,0.0,0.0,Matches,1.0
19,Cameron Archer,eng ENG,MF,22-050,,0,6.0,0.1,0.0,0.0,0.0,0.0,0.0,0.0,1.0,0.0,0.0,0.0,0.0,0.0,1.0,0.0,0.0,0.0,0.0,0.0,0.0,0.0,0.0,0.0,0.0,0.0,0.0,Matches,1.0
20,Jaden Philogene Bidace,eng ENG,FW,21-213,,0,4.0,0.0,0.0,0.0,0.0,0.0,0.0,0.0,0.0,0.0,0.0,0.0,0.0,0.0,2.0,0.0,1.0,0.0,0.0,0.0,0.0,0.0,0.0,0.0,0.0,0.0,0.0,Matches,1.0
0,Casemiro,br BRA,MF,31-198,,4,360.0,4.0,1.0,0.0,1.0,1.0,0.0,0.0,0.0,0.0,1.4,1.4,0.1,1.5,4.0,35.0,9.0,0.25,0.0,0.25,0.25,0.25,0.35,0.02,0.37,0.35,0.37,Matches,4.0
1,Bruno Fernandes,pt POR,MF,29-001,,4,360.0,4.0,1.0,1.0,2.0,0.0,1.0,1.0,2.0,0.0,2.1,1.3,2.5,3.8,3.0,32.0,28.0,0.25,0.25,0.5,0.0,0.25,0.52,0.62,1.14,0.32,0.94,Matches,4.0
2,André Onana,cm CMR,GK,27-160,,4,360.0,4.0,0.0,0.0,0.0,0.0,0.0,0.0,2.0,0.0,0.0,0.0,0.0,0.0,0.0,1.0,0.0,0.0,0.0,0.0,0.0,0.0,0.0,0.0,0.0,0.0,0.0,Matches,4.0
3,Marcus Rashford,eng ENG,FW,25-313,,4,351.0,3.9,1.0,1.0,2.0,1.0,0.0,0.0,1.0,0.0,1.4,1.4,0.8,2.2,12.0,8.0,31.0,0.26,0.26,0.51,0.26,0.51,0.36,0.2,0.56,0.36,0.56,Matches,4.0
4,Aaron Wan-Bissaka,eng ENG,DF,25-287,,4,335.0,3.7,0.0,1.0,1.0,0.0,0.0,0.0,2.0,0.0,0.0,0.0,1.1,1.1,11.0,15.0,10.0,0.0,0.27,0.27,0.0,0.27,0.0,0.3,0.3,0.0,0.3,Matches,4.0
5,Antony,br BRA,"FW,MF",23-197,,4,308.0,3.4,0.0,0.0,0.0,0.0,0.0,0.0,1.0,0.0,0.6,0.6,0.8,1.4,16.0,14.0,44.0,0.0,0.0,0.0,0.0,0.0,0.18,0.24,0.42,0.18,0.42,Matches,4.0
6,Lisandro Martínez,ar ARG,DF,25-234,,4,291.0,3.2,0.0,0.0,0.0,0.0,0.0,0.0,2.0,0.0,0.0,0.0,0.1,0.1,6.0,23.0,1.0,0.0,0.0,0.0,0.0,0.0,0.0,0.02,0.02,0.0,0.02,Matches,4.0
7,Raphaël Varane,fr FRA,DF,30-137,,3,225.0,2.5,1.0,0.0,1.0,1.0,0.0,0.0,0.0,0.0,1.0,1.0,0.0,1.0,5.0,12.0,0.0,0.4,0.0,0.4,0.4,0.4,0.41,0.0,0.41,0.41,0.41,Matches,3.0
8,Christian Eriksen,dk DEN,MF,31-207,,2,228.0,2.5,1.0,1.0,2.0,1.0,0.0,0.0,0.0,0.0,0.3,0.3,0.4,0.7,5.0,15.0,8.0,0.39,0.39,0.79,0.39,0.79,0.13,0.14,0.27,0.13,0.27,Matches,4.0
9,Diogo Dalot,pt POR,DF,24-175,,2,205.0,2.3,0.0,0.0,0.0,0.0,0.0,0.0,0.0,0.0,0.0,0.0,0.0,0.0,7.0,8.0,8.0,0.0,0.0,0.0,0.0,0.0,0.01,0.0,0.01,0.01,0.01,Matches,3.0
10,Luke Shaw,eng ENG,DF,28-059,,2,180.0,2.0,0.0,0.0,0.0,0.0,0.0,0.0,1.0,0.0,0.0,0.0,0.7,0.7,1.0,11.0,8.0,0.0,0.0,0.0,0.0,0.0,0.0,0.36,0.36,0.0,0.36,Matches,2.0
11,Mason Mount,eng ENG,MF,24-242,,2,151.0,1.7,0.0,0.0,0.0,0.0,0.0,0.0,0.0,0.0,0.0,0.0,0.0,0.0,2.0,4.0,6.0,0.0,0.0,0.0,0.0,0.0,0.0,0.03,0.03,0.0,0.03,Matches,2.0
12,Alejandro Garnacho,ar ARG,"FW,MF",19-070,,2,139.0,1.5,0.0,0.0,0.0,0.0,0.0,0.0,0.0,0.0,0.3,0.3,0.0,0.4,8.0,4.0,18.0,0.0,0.0,0.0,0.0,0.0,0.21,0.03,0.24,0.21,0.24,Matches,3.0
13,Anthony Martial,fr FRA,FW,27-278,,2,131.0,1.5,0.0,0.0,0.0,0.0,0.0,0.0,0.0,0.0,0.1,0.1,0.1,0.2,2.0,4.0,12.0,0.0,0.0,0.0,0.0,0.0,0.05,0.06,0.1,0.05,0.1,Matches,3.0
14,Victor Lindelöf,se SWE,DF,29-054,,1,173.0,1.9,0.0,0.0,0.0,0.0,0.0,0.0,1.0,0.0,0.0,0.0,0.1,0.1,1.0,2.0,2.0,0.0,0.0,0.0,0.0,0.0,0.0,0.04,0.04,0.0,0.04,Matches,3.0
15,Jadon Sancho,eng ENG,"FW,MF",23-168,,0,79.0,0.9,0.0,0.0,0.0,0.0,0.0,0.0,0.0,0.0,0.0,0.0,0.1,0.1,10.0,4.0,5.0,0.0,0.0,0.0,0.0,0.0,0.0,0.06,0.06,0.0,0.06,Matches,3.0
16,Rasmus Højlund,dk DEN,FW,20-217,,0,24.0,0.3,0.0,0.0,0.0,0.0,0.0,0.0,0.0,0.0,0.3,0.3,0.0,0.3,1.0,0.0,0.0,0.0,0.0,0.0,0.0,0.0,1.24,0.0,1.24,1.24,1.24,Matches,1.0
17,Harry Maguire,eng ENG,DF,30-188,,0,24.0,0.3,0.0,0.0,0.0,0.0,0.0,0.0,0.0,0.0,0.0,0.0,0.0,0.0,0.0,2.0,0.0,0.0,0.0,0.0,0.0,0.0,0.0,0.0,0.0,0.0,0.0,Matches,1.0
18,Facundo Pellistri,uy URU,"MF,FW",21-263,,0,20.0,0.2,0.0,0.0,0.0,0.0,0.0,0.0,0.0,0.0,0.4,0.4,0.0,0.4,2.0,1.0,3.0,0.0,0.0,0.0,0.0,0.0,2.0,0.0,2.0,2.0,2.0,Matches,2.0
19,Scott McTominay,sct SCO,"MF,FW",26-275,,0,9.0,0.1,0.0,0.0,0.0,0.0,0.0,0.0,0.0,0.0,0.0,0.0,0.0,0.0,1.0,1.0,0.0,0.0,0.0,0.0,0.0,0.0,0.0,0.45,0.45,0.0,0.45,Matches,2.0
20,Jonny Evans,nir NIR,DF,35-249,,0,7.0,0.1,0.0,0.0,0.0,0.0,0.0,0.0,0.0,0.0,0.0,0.0,0.0,0.0,0.0,0.0,0.0,0.0,0.0,0.0,0.0,0.0,0.0,0.0,0.0,0.0,0.0,Matches,1.0
0,Levi Colwill,eng ENG,DF,20-195,,4,360.0,4.0,0.0,0.0,0.0,0.0,0.0,0.0,0.0,0.0,0.3,0.3,0.3,0.7,3.0,12.0,8.0,0.0,0.0,0.0,0.0,0.0,0.08,0.08,0.16,0.08,0.16,Matches,4.0
1,Axel Disasi,fr FRA,DF,25-182,,4,360.0,4.0,1.0,0.0,1.0,1.0,0.0,0.0,1.0,0.0,0.7,0.7,0.1,0.7,4.0,28.0,2.0,0.25,0.0,0.25,0.25,0.25,0.16,0.01,0.18,0.16,0.18,Matches,4.0
2,Enzo Fernández,ar ARG,MF,22-235,,4,360.0,4.0,0.0,0.0,0.0,0.0,0.0,1.0,2.0,0.0,1.4,0.6,1.0,1.7,15.0,64.0,17.0,0.0,0.0,0.0,0.0,0.0,0.36,0.26,0.61,0.16,0.42,Matches,4.0
3,Robert Sánchez,es ESP,GK,25-295,,4,360.0,4.0,0.0,0.0,0.0,0.0,0.0,0.0,0.0,0.0,0.0,0.0,0.0,0.0,0.0,1.0,0.0,0.0,0.0,0.0,0.0,0.0,0.0,0.0,0.0,0.0,0.0,Matches,4.0
4,Thiago Silva,br BRA,DF,38-352,,4,360.0,4.0,0.0,0.0,0.0,0.0,0.0,0.0,0.0,0.0,0.1,0.1,0.1,0.2,0.0,20.0,1.0,0.0,0.0,0.0,0.0,0.0,0.03,0.03,0.05,0.03,0.05,Matches,4.0
5,Nicolas Jackson,sn SEN,FW,22-081,,4,352.0,3.9,1.0,0.0,1.0,1.0,0.0,0.0,3.0,0.0,3.0,3.0,0.4,3.4,16.0,8.0,34.0,0.26,0.0,0.26,0.26,0.26,0.77,0.1,0.87,0.77,0.87,Matches,4.0
6,Raheem Sterling,eng ENG,"MF,FW",28-275,,4,349.0,3.9,2.0,0.0,2.0,2.0,0.0,0.0,0.0,0.0,1.3,1.3,0.8,2.1,25.0,14.0,54.0,0.52,0.0,0.52,0.52,0.52,0.35,0.2,0.55,0.35,0.55,Matches,4.0
7,Conor Gallagher,eng ENG,MF,23-215,,4,315.0,3.5,0.0,0.0,0.0,0.0,0.0,0.0,1.0,0.0,0.3,0.3,0.3,0.5,3.0,18.0,7.0,0.0,0.0,0.0,0.0,0.0,0.07,0.07,0.15,0.07,0.15,Matches,4.0
8,Ben Chilwell,eng ENG,"DF,MF",26-262,,4,295.0,3.3,0.0,1.0,1.0,0.0,0.0,0.0,1.0,0.0,0.7,0.7,1.8,2.6,8.0,7.0,22.0,0.0,0.31,0.31,0.0,0.31,0.22,0.56,0.78,0.22,0.78,Matches,4.0
9,Malo Gusto,fr FRA,DF,20-113,,3,263.0,2.9,0.0,2.0,2.0,0.0,0.0,0.0,0.0,0.0,0.1,0.1,0.4,0.4,15.0,12.0,22.0,0.0,0.68,0.68,0.0,0.68,0.02,0.12,0.14,0.02,0.14,Matches,4.0
10,Moisés Caicedo,ec ECU,MF,21-311,,2,196.0,2.2,0.0,0.0,0.0,0.0,0.0,0.0,0.0,0.0,0.1,0.1,0.0,0.1,2.0,19.0,3.0,0.0,0.0,0.0,0.0,0.0,0.05,0.0,0.05,0.05,0.05,Matches,3.0
11,Carney Chukwuemeka,eng ENG,MF,19-324,,2,125.0,1.4,1.0,0.0,1.0,1.0,0.0,0.0,2.0,0.0,0.1,0.1,0.1,0.2,2.0,4.0,9.0,0.72,0.0,0.72,0.72,0.72,0.08,0.09,0.16,0.08,0.16,Matches,2.0
12,Reece James,eng ENG,DF,23-275,,1,75.0,0.8,0.0,0.0,0.0,0.0,0.0,0.0,0.0,0.0,0.0,0.0,0.3,0.3,5.0,7.0,13.0,0.0,0.0,0.0,0.0,0.0,0.04,0.31,0.35,0.04,0.35,Matches,1.0
13,Mykhailo Mudryk,ua UKR,"DF,FW",22-247,,0,69.0,0.8,0.0,0.0,0.0,0.0,0.0,0.0,0.0,0.0,0.1,0.1,0.1,0.2,5.0,2.0,7.0,0.0,0.0,0.0,0.0,0.0,0.12,0.14,0.26,0.12,0.26,Matches,3.0
14,Noni Madueke,eng ENG,"FW,MF",21-183,,0,45.0,0.5,0.0,0.0,0.0,0.0,0.0,0.0,0.0,0.0,0.1,0.1,0.0,0.1,6.0,2.0,17.0,0.0,0.0,0.0,0.0,0.0,0.14,0.0,0.14,0.14,0.14,Matches,2.0
15,Ian Maatsen,nl NED,"MF,FW",21-183,,0,29.0,0.3,0.0,0.0,0.0,0.0,0.0,0.0,1.0,0.0,0.1,0.1,0.0,0.1,2.0,2.0,5.0,0.0,0.0,0.0,0.0,0.0,0.22,0.05,0.27,0.22,0.27,Matches,3.0
16,Cole Palmer,eng ENG,MF,21-126,,0,29.0,0.3,0.0,0.0,0.0,0.0,0.0,0.0,0.0,0.0,0.0,0.0,0.1,0.1,2.0,6.0,4.0,0.0,0.0,0.0,0.0,0.0,0.0,0.22,0.22,0.0,0.22,Matches,1.0
17,Mason Burstow,eng ENG,FW,20-036,,0,9.0,0.1,0.0,0.0,0.0,0.0,0.0,0.0,0.0,0.0,0.0,0.0,0.0,0.0,0.0,0.0,1.0,0.0,0.0,0.0,0.0,0.0,0.0,0.0,0.0,0.0,0.0,Matches,2.0
18,Lesley Ugochukwu,fr FRA,MF,19-167,,0,9.0,0.1,0.0,0.0,0.0,0.0,0.0,0.0,0.0,0.0,0.0,0.0,0.0,0.0,1.0,0.0,0.0,0.0,0.0,0.0,0.0,0.0,0.0,0.0,0.0,0.0,0.0,Matches,2.0
0,Issa Diop,fr FRA,DF,26-243,4.0,4,360.0,4.0,0.0,0.0,0.0,0.0,0.0,0.0,1.0,0.0,0.1,0.1,0.0,0.1,3.0,14.0,0.0,0.0,0.0,0.0,0.0,0.0,0.03,0.0,0.03,0.03,0.03,Matches,
1,Bernd Leno,de GER,GK,31-189,4.0,4,360.0,4.0,0.0,0.0,0.0,0.0,0.0,0.0,0.0,0.0,0.0,0.0,0.0,0.0,0.0,0.0,0.0,0.0,0.0,0.0,0.0,0.0,0.0,0.0,0.0,0.0,0.0,Matches,
2,Antonee Robinson,us USA,DF,26-032,4.0,4,360.0,4.0,0.0,0.0,0.0,0.0,0.0,0.0,1.0,0.0,0.0,0.0,0.2,0.2,8.0,11.0,8.0,0.0,0.0,0.0,0.0,0.0,0.0,0.05,0.05,0.0,0.05,Matches,
3,Kenny Tete,nl NED,DF,27-335,4.0,4,337.0,3.7,0.0,0.0,0.0,0.0,0.0,0.0,2.0,0.0,0.0,0.0,0.1,0.1,7.0,14.0,11.0,0.0,0.0,0.0,0.0,0.0,0.0,0.02,0.02,0.0,0.02,Matches,
4,Harry Wilson,wls WAL,FW,26-171,4.0,4,330.0,3.7,0.0,0.0,0.0,0.0,0.0,0.0,0.0,0.0,0.1,0.1,0.4,0.5,5.0,11.0,19.0,0.0,0.0,0.0,0.0,0.0,0.04,0.1,0.14,0.04,0.14,Matches,
5,Raúl Jiménez,mx MEX,FW,32-127,4.0,4,312.0,3.5,0.0,0.0,0.0,0.0,0.0,0.0,1.0,0.0,0.4,0.4,0.7,1.1,3.0,3.0,17.0,0.0,0.0,0.0,0.0,0.0,0.13,0.2,0.33,0.13,0.33,Matches,
6,Bobby Reid,jm JAM,FW,30-219,4.0,3,271.0,3.0,1.0,0.0,1.0,1.0,0.0,0.0,1.0,0.0,1.7,1.7,0.1,1.8,8.0,5.0,14.0,0.33,0.0,0.33,0.33,0.33,0.57,0.02,0.58,0.57,0.58,Matches,
7,Harrison Reed,eng ENG,MF,28-225,4.0,3,267.0,3.0,0.0,1.0,1.0,0.0,0.0,0.0,1.0,0.0,0.0,0.0,0.4,0.4,0.0,5.0,4.0,0.0,0.34,0.34,0.0,0.34,0.0,0.14,0.14,0.0,0.14,Matches,
8,Andreas Pereira,br BRA,MF,27-251,4.0,3,252.0,2.8,1.0,0.0,1.0,1.0,0.0,0.0,1.0,0.0,0.1,0.1,0.1,0.2,1.0,4.0,12.0,0.36,0.0,0.36,0.36,0.36,0.02,0.04,0.06,0.02,0.06,Matches,
9,Saša Lukić,rs SRB,MF,27-027,3.0,3,249.0,2.8,0.0,0.0,0.0,0.0,0.0,0.0,1.0,0.0,0.0,0.0,0.1,0.1,2.0,10.0,4.0,0.0,0.0,0.0,0.0,0.0,0.02,0.03,0.05,0.02,0.05,Matches,
10,Tim Ream,us USA,DF,35-339,3.0,3,243.0,2.7,1.0,0.0,1.0,1.0,0.0,0.0,2.0,1.0,1.0,1.0,0.0,1.0,3.0,10.0,1.0,0.37,0.0,0.37,0.37,0.37,0.35,0.0,0.35,0.35,0.35,Matches,
11,Tom Cairney,sct SCO,MF,32-232,3.0,2,100.0,1.1,0.0,0.0,0.0,0.0,0.0,0.0,0.0,0.0,0.0,0.0,0.0,0.1,1.0,3.0,3.0,0.0,0.0,0.0,0.0,0.0,0.04,0.02,0.06,0.04,0.06,Matches,
12,João Palhinha,pt POR,MF,28-062,2.0,1,114.0,1.3,1.0,0.0,1.0,1.0,0.0,0.0,1.0,0.0,0.1,0.1,0.0,0.1,0.0,4.0,0.0,0.79,0.0,0.79,0.79,0.79,0.11,0.0,0.11,0.11,0.11,Matches,
13,Calvin Bassey,ng NGA,DF,23-252,2.0,1,106.0,1.2,0.0,0.0,0.0,0.0,0.0,0.0,2.0,1.0,0.0,0.0,0.0,0.0,0.0,1.0,0.0,0.0,0.0,0.0,0.0,0.0,0.0,0.0,0.0,0.0,0.0,Matches,
14,Willian,br BRA,"FW,MF",35-031,3.0,1,86.0,1.0,0.0,0.0,0.0,0.0,0.0,0.0,1.0,0.0,0.1,0.1,0.0,0.1,2.0,1.0,2.0,0.0,0.0,0.0,0.0,0.0,0.08,0.05,0.12,0.08,0.12,Matches,
15,Luke Harris,wls WAL,MF,18-159,1.0,0,75.0,0.8,0.0,0.0,0.0,0.0,0.0,0.0,0.0,0.0,0.3,0.3,0.0,0.3,0.0,1.0,0.0,0.0,0.0,0.0,0.0,0.0,0.33,0.0,0.33,0.33,0.33,Matches,
16,Adama Traoré,es ESP,"FW,DF",27-227,3.0,0,35.0,0.4,0.0,0.0,0.0,0.0,0.0,0.0,0.0,0.0,0.2,0.2,0.0,0.2,1.0,0.0,2.0,0.0,0.0,0.0,0.0,0.0,0.53,0.0,0.53,0.53,0.53,Matches,
17,Aleksandar Mitrović,rs SRB,FW,28-358,1.0,0,33.0,0.4,0.0,0.0,0.0,0.0,0.0,0.0,0.0,0.0,0.2,0.2,0.0,0.2,0.0,1.0,0.0,0.0,0.0,0.0,0.0,0.0,0.44,0.0,0.44,0.44,0.44,Matches,
18,Timothy Castagne,be BEL,DF,27-278,1.0,0,18.0,0.2,0.0,0.0,0.0,0.0,0.0,0.0,0.0,0.0,0.0,0.0,0.0,0.0,0.0,1.0,2.0,0.0,0.0,0.0,0.0,0.0,0.0,0.0,0.0,0.0,0.0,Matches,
19,Rodrigo Muniz,br BRA,FW,22-128,2.0,0,15.0,0.2,0.0,0.0,0.0,0.0,0.0,0.0,0.0,0.0,0.0,0.0,0.0,0.0,0.0,1.0,0.0,0.0,0.0,0.0,0.0,0.0,0.0,0.0,0.0,0.0,0.0,Matches,
20,Tosin Adarabioyo,eng ENG,DF,25-350,1.0,0,2.0,0.0,0.0,0.0,0.0,0.0,0.0,0.0,0.0,0.0,0.0,0.0,0.0,0.0,0.0,0.0,0.0,0.0,0.0,0.0,0.0,0.0,0.0,0.0,0.0,0.0,0.0,Matches,
0,Dan Burn,eng ENG,DF,31-123,,4,360.0,4.0,0.0,0.0,0.0,0.0,0.0,0.0,1.0,0.0,0.2,0.2,0.1,0.2,3.0,6.0,1.0,0.0,0.0,0.0,0.0,0.0,0.04,0.02,0.06,0.04,0.06,Matches,4.0
1,Nick Pope,eng ENG,GK,31-143,,4,360.0,4.0,0.0,0.0,0.0,0.0,0.0,0.0,0.0,0.0,0.0,0.0,0.0,0.0,0.0,0.0,0.0,0.0,0.0,0.0,0.0,0.0,0.01,0.0,0.01,0.01,0.01,Matches,4.0
2,Fabian Schär,ch SUI,DF,31-263,,4,360.0,4.0,0.0,0.0,0.0,0.0,0.0,0.0,1.0,0.0,0.1,0.1,0.0,0.1,0.0,10.0,2.0,0.0,0.0,0.0,0.0,0.0,0.03,0.0,0.03,0.03,0.03,Matches,4.0
3,Kieran Trippier,eng ENG,DF,32-355,,4,360.0,4.0,0.0,0.0,0.0,0.0,0.0,0.0,1.0,0.0,0.0,0.0,0.8,0.8,6.0,27.0,13.0,0.0,0.0,0.0,0.0,0.0,0.0,0.19,0.19,0.0,0.19,Matches,4.0
4,Bruno Guimarães,br BRA,MF,25-297,,4,354.0,3.9,0.0,0.0,0.0,0.0,0.0,0.0,2.0,0.0,0.2,0.2,0.2,0.4,6.0,30.0,2.0,0.0,0.0,0.0,0.0,0.0,0.05,0.06,0.11,0.05,0.11,Matches,4.0
5,Miguel Almirón,py PAR,FW,29-211,,4,317.0,3.5,0.0,0.0,0.0,0.0,0.0,0.0,0.0,0.0,0.7,0.7,0.4,1.0,19.0,8.0,29.0,0.0,0.0,0.0,0.0,0.0,0.19,0.11,0.3,0.19,0.3,Matches,4.0
6,Joelinton,br BRA,MF,27-026,,4,284.0,3.2,0.0,0.0,0.0,0.0,0.0,0.0,1.0,0.0,0.3,0.3,0.3,0.7,5.0,9.0,10.0,0.0,0.0,0.0,0.0,0.0,0.11,0.1,0.21,0.11,0.21,Matches,4.0
7,Anthony Gordon,eng ENG,FW,22-197,,4,283.0,3.1,1.0,1.0,2.0,1.0,0.0,0.0,3.0,0.0,1.0,1.0,0.9,1.9,15.0,7.0,19.0,0.32,0.32,0.64,0.32,0.64,0.32,0.3,0.61,0.32,0.61,Matches,4.0
8,Sandro Tonali,it ITA,MF,23-124,,4,282.0,3.1,1.0,0.0,1.0,1.0,0.0,0.0,2.0,0.0,0.7,0.7,0.3,1.0,5.0,11.0,16.0,0.32,0.0,0.32,0.32,0.32,0.21,0.1,0.31,0.21,0.31,Matches,4.0
9,Alexander Isak,se SWE,FW,23-353,,4,276.0,3.1,2.0,0.0,2.0,2.0,0.0,0.0,0.0,0.0,1.4,1.4,0.1,1.4,6.0,5.0,13.0,0.65,0.0,0.65,0.65,0.65,0.45,0.02,0.47,0.45,0.47,Matches,4.0
10,Sven Botman,nl NED,DF,23-240,,3,266.0,3.0,0.0,1.0,1.0,0.0,0.0,0.0,1.0,0.0,0.2,0.2,0.4,0.6,0.0,6.0,2.0,0.0,0.34,0.34,0.0,0.34,0.05,0.15,0.2,0.05,0.2,Matches,3.0
11,Matt Targett,eng ENG,DF,27-356,,1,77.0,0.9,0.0,0.0,0.0,0.0,0.0,0.0,1.0,0.0,0.0,0.0,0.0,0.0,1.0,2.0,0.0,0.0,0.0,0.0,0.0,0.0,0.0,0.03,0.03,0.0,0.03,Matches,2.0
12,Callum Wilson,eng ENG,FW,31-194,,0,100.0,1.1,2.0,0.0,2.0,2.0,0.0,0.0,0.0,0.0,1.4,1.4,0.0,1.5,1.0,0.0,9.0,1.8,0.0,1.8,1.8,1.8,1.3,0.02,1.32,1.3,1.32,Matches,4.0
13,Harvey Barnes,eng ENG,FW,25-274,,0,94.0,1.0,1.0,1.0,2.0,1.0,0.0,0.0,1.0,0.0,0.7,0.7,0.9,1.5,7.0,3.0,8.0,0.96,0.96,1.91,0.96,1.91,0.63,0.83,1.46,0.63,1.46,Matches,4.0
14,Sean Longstaff,eng ENG,MF,25-314,,0,92.0,1.0,0.0,1.0,1.0,0.0,0.0,0.0,0.0,0.0,0.2,0.2,0.5,0.7,1.0,7.0,5.0,0.0,0.98,0.98,0.0,0.98,0.16,0.48,0.64,0.16,0.64,Matches,4.0
15,Elliot Anderson,sct SCO,MF,20-307,,0,68.0,0.8,0.0,0.0,0.0,0.0,0.0,0.0,0.0,0.0,0.0,0.0,0.2,0.2,4.0,2.0,6.0,0.0,0.0,0.0,0.0,0.0,0.0,0.3,0.3,0.0,0.3,Matches,4.0
16,Jamaal Lascelles,eng ENG,DF,29-302,,0,17.0,0.2,0.0,0.0,0.0,0.0,0.0,0.0,0.0,0.0,0.0,0.0,0.0,0.0,0.0,0.0,0.0,0.0,0.0,0.0,0.0,0.0,0.0,0.0,0.0,0.0,0.0,Matches,1.0
17,Valentino Livramento,eng ENG,FW,20-301,,0,5.0,0.1,0.0,0.0,0.0,0.0,0.0,0.0,0.0,0.0,0.0,0.0,0.0,0.0,0.0,0.0,0.0,0.0,0.0,0.0,0.0,0.0,0.0,0.0,0.0,0.0,0.0,Matches,1.0
18,Jacob Murphy,eng ENG,FW,28-197,,0,5.0,0.1,0.0,1.0,1.0,0.0,0.0,0.0,0.0,0.0,0.0,0.0,0.6,0.6,1.0,3.0,0.0,0.0,18.0,18.0,0.0,18.0,0.0,10.18,10.18,0.0,10.18,Matches,1.0
0,Max Kilman,eng ENG,DF,26-109,4.0,4,360.0,4.0,0.0,0.0,0.0,0.0,0.0,0.0,1.0,0.0,0.0,0.0,0.3,0.4,3.0,15.0,0.0,0.0,0.0,0.0,0.0,0.0,0.01,0.09,0.09,0.01,0.09,Matches,
1,Mario Lemina,ga GAB,MF,30-008,4.0,4,360.0,4.0,0.0,0.0,0.0,0.0,0.0,0.0,2.0,0.0,0.8,0.8,0.0,0.9,2.0,9.0,5.0,0.0,0.0,0.0,0.0,0.0,0.21,0.01,0.22,0.21,0.22,Matches,
2,Pedro Neto,pt POR,MF,23-184,4.0,4,360.0,4.0,0.0,3.0,3.0,0.0,0.0,0.0,1.0,0.0,1.2,1.2,1.6,2.7,24.0,18.0,41.0,0.0,0.75,0.75,0.0,0.75,0.29,0.39,0.68,0.29,0.68,Matches,
3,José Sá,pt POR,GK,30-235,4.0,4,360.0,4.0,0.0,0.0,0.0,0.0,0.0,0.0,0.0,0.0,0.0,0.0,0.0,0.0,0.0,0.0,0.0,0.0,0.0,0.0,0.0,0.0,0.0,0.0,0.0,0.0,0.0,Matches,
4,Nélson Semedo,pt POR,DF,29-297,4.0,4,360.0,4.0,0.0,0.0,0.0,0.0,0.0,0.0,2.0,0.0,0.0,0.0,0.0,0.1,8.0,23.0,12.0,0.0,0.0,0.0,0.0,0.0,0.01,0.01,0.02,0.01,0.02,Matches,
5,Matheus Cunha,br BRA,FW,24-105,4.0,4,340.0,3.8,1.0,0.0,1.0,1.0,0.0,0.0,0.0,0.0,1.9,1.9,0.6,2.5,13.0,9.0,14.0,0.26,0.0,0.26,0.26,0.26,0.49,0.17,0.66,0.49,0.66,Matches,
6,Craig Dawson,eng ENG,DF,33-126,4.0,4,340.0,3.8,0.0,0.0,0.0,0.0,0.0,0.0,2.0,0.0,0.3,0.3,0.1,0.4,0.0,10.0,2.0,0.0,0.0,0.0,0.0,0.0,0.09,0.03,0.12,0.09,0.12,Matches,
7,João Gomes,br BRA,MF,22-209,4.0,4,312.0,3.5,0.0,0.0,0.0,0.0,0.0,0.0,2.0,0.0,0.1,0.1,0.1,0.3,3.0,14.0,2.0,0.0,0.0,0.0,0.0,0.0,0.04,0.04,0.08,0.04,0.08,Matches,
8,Rayan Aït Nouri,dz ALG,"DF,MF",22-095,4.0,3,287.0,3.2,0.0,0.0,0.0,0.0,0.0,0.0,2.0,0.0,0.3,0.3,0.1,0.4,6.0,16.0,10.0,0.0,0.0,0.0,0.0,0.0,0.1,0.03,0.13,0.1,0.13,Matches,
9,Fábio Silva,pt POR,FW,21-052,4.0,3,214.0,2.4,0.0,0.0,0.0,0.0,0.0,0.0,0.0,0.0,1.0,1.0,0.2,1.2,4.0,8.0,10.0,0.0,0.0,0.0,0.0,0.0,0.44,0.09,0.52,0.44,0.52,Matches,
10,Matheus Nunes,pt POR,MF,25-013,2.0,2,179.0,2.0,0.0,0.0,0.0,0.0,0.0,0.0,2.0,1.0,0.1,0.1,0.1,0.2,7.0,8.0,9.0,0.0,0.0,0.0,0.0,0.0,0.04,0.05,0.09,0.04,0.09,Matches,
11,Pablo Sarabia,es ESP,"FW,MF",31-121,4.0,2,173.0,1.9,0.0,1.0,1.0,0.0,0.0,0.0,0.0,0.0,0.3,0.3,1.4,1.8,4.0,8.0,16.0,0.0,0.52,0.52,0.0,0.52,0.18,0.75,0.92,0.18,0.92,Matches,
12,Hwang Hee-chan,kr KOR,"MF,FW",27-226,4.0,1,140.0,1.6,2.0,0.0,2.0,2.0,0.0,0.0,1.0,0.0,0.4,0.4,0.4,0.9,3.0,5.0,10.0,1.29,0.0,1.29,1.29,1.29,0.28,0.29,0.56,0.28,0.56,Matches,
13,Hugo Bueno,es ESP,DF,20-356,4.0,1,112.0,1.2,0.0,0.0,0.0,0.0,0.0,0.0,0.0,0.0,0.2,0.2,0.1,0.3,6.0,3.0,13.0,0.0,0.0,0.0,0.0,0.0,0.14,0.1,0.24,0.14,0.24,Matches,
14,Toti Gomes,pt POR,DF,24-236,2.0,0,26.0,0.3,0.0,0.0,0.0,0.0,0.0,0.0,0.0,0.0,0.0,0.0,0.0,0.0,0.0,0.0,0.0,0.0,0.0,0.0,0.0,0.0,0.0,0.0,0.0,0.0,0.0,Matches,
15,Sasa Kalajdzic,at AUT,FW,26-064,3.0,0,19.0,0.2,1.0,0.0,1.0,1.0,0.0,0.0,0.0,0.0,0.3,0.3,0.1,0.4,0.0,0.0,0.0,4.74,0.0,4.74,4.74,4.74,1.22,0.6,1.83,1.22,1.83,Matches,
16,Boubacar Traoré,ml MLI,"MF,FW",22-020,1.0,0,17.0,0.2,0.0,0.0,0.0,0.0,0.0,0.0,0.0,0.0,0.0,0.0,0.0,0.0,0.0,1.0,2.0,0.0,0.0,0.0,0.0,0.0,0.0,0.0,0.0,0.0,0.0,Matches,
0,Milos Kerkez,hu HUN,DF,19-306,,4,360.0,4.0,0.0,0.0,0.0,0.0,0.0,0.0,0.0,0.0,0.0,0.0,0.1,0.1,5.0,8.0,16.0,0.0,0.0,0.0,0.0,0.0,0.0,0.02,0.02,0.0,0.02,Matches,4.0
1,Neto,br BRA,GK,34-052,,4,360.0,4.0,0.0,0.0,0.0,0.0,0.0,0.0,2.0,0.0,0.0,0.0,0.0,0.0,0.0,0.0,0.0,0.0,0.0,0.0,0.0,0.0,0.0,0.0,0.0,0.0,0.0,Matches,4.0
2,Dominic Solanke,eng ENG,FW,25-360,,4,360.0,4.0,2.0,1.0,3.0,2.0,0.0,0.0,0.0,0.0,1.8,1.8,0.3,2.1,6.0,6.0,22.0,0.5,0.25,0.75,0.5,0.75,0.45,0.08,0.54,0.45,0.54,Matches,4.0
3,Illia Zabarnyi,ua UKR,DF,21-008,,4,360.0,4.0,0.0,0.0,0.0,0.0,0.0,0.0,0.0,0.0,0.0,0.0,0.0,0.0,1.0,14.0,0.0,0.0,0.0,0.0,0.0,0.0,0.0,0.0,0.0,0.0,0.0,Matches,4.0
4,Philip Billing,dk DEN,MF,27-090,,4,355.0,3.9,0.0,0.0,0.0,0.0,0.0,0.0,0.0,0.0,0.8,0.8,0.3,1.2,4.0,17.0,12.0,0.0,0.0,0.0,0.0,0.0,0.21,0.08,0.3,0.21,0.3,Matches,4.0
5,Max Aarons,eng ENG,DF,23-248,,4,344.0,3.8,0.0,0.0,0.0,0.0,0.0,0.0,1.0,0.0,0.0,0.0,0.1,0.2,3.0,13.0,9.0,0.0,0.0,0.0,0.0,0.0,0.01,0.03,0.04,0.01,0.04,Matches,4.0
6,Ryan Christie,sct SCO,MF,28-199,,4,273.0,3.0,0.0,0.0,0.0,0.0,0.0,0.0,0.0,0.0,0.2,0.2,0.6,0.8,5.0,11.0,15.0,0.0,0.0,0.0,0.0,0.0,0.06,0.19,0.25,0.06,0.25,Matches,4.0
7,Marcos Senesi,ar ARG,DF,26-122,,3,232.0,2.6,0.0,1.0,1.0,0.0,0.0,0.0,0.0,0.0,0.0,0.0,0.2,0.2,3.0,11.0,0.0,0.0,0.39,0.39,0.0,0.39,0.0,0.08,0.08,0.0,0.08,Matches,3.0
8,Antoine Semenyo,gh GHA,FW,23-245,,3,222.0,2.5,1.0,0.0,1.0,1.0,0.0,0.0,1.0,0.0,0.6,0.6,0.2,0.8,6.0,5.0,13.0,0.41,0.0,0.41,0.41,0.41,0.24,0.09,0.34,0.24,0.34,Matches,4.0
9,Joe Rothwell,eng ENG,MF,28-241,,3,210.0,2.3,0.0,0.0,0.0,0.0,0.0,0.0,0.0,0.0,0.0,0.0,0.1,0.1,3.0,9.0,3.0,0.0,0.0,0.0,0.0,0.0,0.01,0.03,0.04,0.01,0.04,Matches,3.0
10,Justin Kluivert,nl NED,FW,24-127,,2,188.0,2.1,0.0,0.0,0.0,0.0,0.0,0.0,0.0,0.0,0.3,0.3,0.1,0.5,5.0,9.0,13.0,0.0,0.0,0.0,0.0,0.0,0.15,0.07,0.22,0.15,0.22,Matches,4.0
11,Jaidon Anthony,eng ENG,FW,23-282,,2,152.0,1.7,0.0,0.0,0.0,0.0,0.0,0.0,1.0,0.0,0.1,0.1,0.0,0.1,2.0,8.0,9.0,0.0,0.0,0.0,0.0,0.0,0.04,0.0,0.04,0.04,0.04,Matches,3.0
12,David Brooks,wls WAL,"FW,MF",26-063,,1,138.0,1.5,1.0,0.0,1.0,1.0,0.0,0.0,0.0,0.0,1.2,1.2,0.3,1.5,4.0,9.0,11.0,0.65,0.0,0.65,0.65,0.65,0.76,0.2,0.97,0.76,0.97,Matches,4.0
13,Lewis Cook,eng ENG,MF,26-218,,1,135.0,1.5,0.0,0.0,0.0,0.0,0.0,0.0,0.0,0.0,0.0,0.0,0.0,0.0,0.0,4.0,0.0,0.0,0.0,0.0,0.0,0.0,0.02,0.0,0.02,0.02,0.02,Matches,2.0
14,Lloyd Kelly,eng ENG,DF,24-338,,1,105.0,1.2,0.0,0.0,0.0,0.0,0.0,0.0,1.0,0.0,0.0,0.0,0.0,0.0,3.0,5.0,1.0,0.0,0.0,0.0,0.0,0.0,0.0,0.0,0.0,0.0,0.0,Matches,2.0
15,Kieffer Moore,wls WAL,"FW,MF",31-032,,0,57.0,0.6,0.0,0.0,0.0,0.0,0.0,0.0,0.0,0.0,0.3,0.3,0.0,0.3,1.0,2.0,9.0,0.0,0.0,0.0,0.0,0.0,0.43,0.0,0.43,0.43,0.43,Matches,3.0
16,Hamed Junior Traorè,ci CIV,MF,23-205,,0,38.0,0.4,0.0,0.0,0.0,0.0,0.0,0.0,0.0,0.0,0.2,0.2,0.0,0.2,2.0,3.0,3.0,0.0,0.0,0.0,0.0,0.0,0.37,0.09,0.45,0.37,0.45,Matches,2.0
17,Chris Mepham,wls WAL,DF,25-308,,0,35.0,0.4,0.0,0.0,0.0,0.0,0.0,0.0,1.0,0.0,0.0,0.0,0.0,0.0,1.0,2.0,0.0,0.0,0.0,0.0,0.0,0.0,0.0,0.05,0.05,0.0,0.05,Matches,2.0
18,Marcus Tavernier,eng ENG,"FW,MF",24-171,,0,20.0,0.2,0.0,1.0,1.0,0.0,0.0,0.0,0.0,0.0,0.0,0.0,1.0,1.0,0.0,0.0,0.0,0.0,4.5,4.5,0.0,4.5,0.0,4.31,4.31,0.0,4.31,Matches,1.0
19,James Hill,eng ENG,DF,21-242,,0,16.0,0.2,0.0,0.0,0.0,0.0,0.0,0.0,0.0,0.0,0.0,0.0,0.0,0.0,0.0,3.0,1.0,0.0,0.0,0.0,0.0,0.0,0.0,0.0,0.0,0.0,0.0,Matches,1.0
0,Anel Ahmedhodzic,ba BIH,DF,24-167,,4,360.0,4.0,0.0,0.0,0.0,0.0,0.0,0.0,2.0,0.0,0.5,0.5,0.0,0.5,2.0,5.0,4.0,0.0,0.0,0.0,0.0,0.0,0.12,0.0,0.12,0.12,0.12,Matches,4.0
1,Wes Foderingham,eng ENG,GK,32-238,,4,360.0,4.0,0.0,0.0,0.0,0.0,0.0,0.0,0.0,0.0,0.0,0.0,0.0,0.0,0.0,0.0,0.0,0.0,0.0,0.0,0.0,0.0,0.0,0.0,0.0,0.0,0.0,Matches,4.0
2,Oliver Norwood,nir NIR,MF,32-150,,4,349.0,3.9,0.0,0.0,0.0,0.0,0.0,0.0,1.0,0.0,0.1,0.1,0.3,0.3,0.0,14.0,1.0,0.0,0.0,0.0,0.0,0.0,0.02,0.07,0.09,0.02,0.09,Matches,4.0
3,Jack Robinson,eng ENG,DF,30-008,,4,349.0,3.9,0.0,0.0,0.0,0.0,0.0,0.0,0.0,0.0,0.1,0.1,0.0,0.1,1.0,7.0,2.0,0.0,0.0,0.0,0.0,0.0,0.04,0.0,0.04,0.04,0.04,Matches,4.0
4,John Egan,ie IRL,DF,30-324,,4,337.0,3.7,0.0,0.0,0.0,0.0,0.0,0.0,1.0,0.0,0.1,0.1,0.0,0.1,0.0,2.0,1.0,0.0,0.0,0.0,0.0,0.0,0.02,0.0,0.02,0.02,0.02,Matches,4.0
5,Bénie Adama Traore,ci CIV,"FW,MF",20-283,,3,273.0,3.0,0.0,0.0,0.0,0.0,0.0,0.0,0.0,0.0,0.3,0.3,0.3,0.6,6.0,7.0,13.0,0.0,0.0,0.0,0.0,0.0,0.09,0.11,0.2,0.09,0.2,Matches,4.0
6,Gustavo Hamer,nl NED,MF,26-077,,3,270.0,3.0,1.0,0.0,1.0,1.0,0.0,0.0,1.0,0.0,0.4,0.4,0.3,0.6,6.0,11.0,5.0,0.33,0.0,0.33,0.33,0.33,0.13,0.08,0.21,0.13,0.21,Matches,3.0
7,George Baldock,gr GRE,"DF,MF",30-184,,3,250.0,2.8,0.0,0.0,0.0,0.0,0.0,0.0,1.0,0.0,0.0,0.0,0.2,0.2,2.0,6.0,12.0,0.0,0.0,0.0,0.0,0.0,0.0,0.06,0.06,0.0,0.06,Matches,3.0
8,Vinicius Souza,br BRA,MF,24-084,,3,248.0,2.8,0.0,0.0,0.0,0.0,0.0,0.0,1.0,0.0,0.1,0.1,0.0,0.1,1.0,4.0,4.0,0.0,0.0,0.0,0.0,0.0,0.02,0.01,0.03,0.02,0.03,Matches,4.0
9,William Osula,dk DEN,FW,20-036,,3,233.0,2.6,0.0,0.0,0.0,0.0,0.0,0.0,2.0,0.0,0.3,0.3,0.0,0.3,2.0,0.0,9.0,0.0,0.0,0.0,0.0,0.0,0.11,0.0,0.11,0.11,0.11,Matches,3.0
10,Ben Osborn,eng ENG,"DF,FW",29-035,,3,192.0,2.1,0.0,0.0,0.0,0.0,0.0,0.0,1.0,0.0,0.1,0.1,0.0,0.1,1.0,6.0,8.0,0.0,0.0,0.0,0.0,0.0,0.06,0.0,0.06,0.06,0.06,Matches,3.0
11,Max Lowe,eng ENG,"MF,DF",26-121,,2,124.0,1.4,0.0,0.0,0.0,0.0,0.0,0.0,0.0,0.0,0.0,0.0,0.0,0.0,0.0,4.0,2.0,0.0,0.0,0.0,0.0,0.0,0.0,0.01,0.01,0.0,0.01,Matches,2.0
12,Yasser Larouci,fr FRA,DF,22-251,,1,197.0,2.2,0.0,0.0,0.0,0.0,0.0,0.0,0.0,0.0,0.2,0.2,0.0,0.2,7.0,5.0,3.0,0.0,0.0,0.0,0.0,0.0,0.08,0.0,0.08,0.08,0.08,Matches,4.0
13,Chris Basham,eng ENG,"MF,DF",35-051,,1,146.0,1.6,0.0,0.0,0.0,0.0,0.0,0.0,0.0,0.0,0.0,0.0,0.0,0.0,0.0,4.0,2.0,0.0,0.0,0.0,0.0,0.0,0.0,0.0,0.0,0.0,0.0,Matches,4.0
14,Oliver McBurnie,sct SCO,FW,27-097,,1,110.0,1.2,0.0,1.0,1.0,0.0,0.0,0.0,0.0,0.0,0.4,0.4,0.4,0.8,0.0,1.0,2.0,0.0,0.82,0.82,0.0,0.82,0.32,0.35,0.68,0.32,0.68,Matches,2.0
15,Cameron Archer,eng ENG,FW,22-050,,1,74.0,0.8,1.0,0.0,1.0,1.0,0.0,0.0,0.0,0.0,0.2,0.2,0.0,0.2,1.0,0.0,5.0,1.22,0.0,1.22,1.22,1.22,0.21,0.0,0.21,0.21,0.21,Matches,1.0
16,Luke Thomas,eng ENG,DF,22-091,,0,23.0,0.3,0.0,0.0,0.0,0.0,0.0,0.0,0.0,0.0,0.2,0.2,0.0,0.2,0.0,0.0,0.0,0.0,0.0,0.0,0.0,0.0,0.64,0.0,0.64,0.64,0.64,Matches,1.0
17,Andre Brooks,eng ENG,"MF,FW",20-020,,0,21.0,0.2,0.0,0.0,0.0,0.0,0.0,0.0,0.0,0.0,0.0,0.0,0.0,0.0,0.0,0.0,2.0,0.0,0.0,0.0,0.0,0.0,0.0,0.0,0.0,0.0,0.0,Matches,2.0
18,Jayden Bogle,eng ENG,DF,23-044,,0,20.0,0.2,1.0,0.0,1.0,1.0,0.0,0.0,0.0,0.0,0.1,0.1,0.0,0.1,0.0,0.0,0.0,4.5,0.0,4.5,4.5,4.5,0.42,0.0,0.42,0.42,0.42,Matches,1.0
19,Antwoine Hackford,eng ENG,FW,19-173,,0,13.0,0.1,0.0,0.0,0.0,0.0,0.0,0.0,0.0,0.0,0.0,0.0,0.0,0.0,0.0,0.0,0.0,0.0,0.0,0.0,0.0,0.0,0.0,0.0,0.0,0.0,0.0,Matches,2.0
20,Anis Ben Slimane,tn TUN,"MF,DF",22-177,,0,11.0,0.1,0.0,0.0,0.0,0.0,0.0,0.0,1.0,0.0,0.0,0.0,0.0,0.0,0.0,0.0,1.0,0.0,0.0,0.0,0.0,0.0,0.0,0.0,0.0,0.0,0.0,Matches,1.0
0,Amadou Onana,be BEL,MF,22-024,,4,360.0,4.0,0.0,0.0,0.0,0.0,0.0,0.0,0.0,0.0,0.2,0.2,2.2,2.3,5.0,21.0,12.0,0.0,0.0,0.0,0.0,0.0,0.04,0.54,0.58,0.04,0.58,Matches,4.0
1,Nathan Patterson,sct SCO,DF,21-328,,4,360.0,4.0,0.0,1.0,1.0,0.0,0.0,0.0,1.0,0.0,0.3,0.3,1.0,1.3,9.0,12.0,15.0,0.0,0.25,0.25,0.0,0.25,0.08,0.24,0.32,0.08,0.32,Matches,4.0
2,Jordan Pickford,eng ENG,GK,29-186,,4,360.0,4.0,0.0,0.0,0.0,0.0,0.0,0.0,1.0,0.0,0.0,0.0,0.0,0.0,0.0,0.0,0.0,0.0,0.0,0.0,0.0,0.0,0.0,0.0,0.0,0.0,0.0,Matches,4.0
3,Ashley Young,eng ENG,DF,38-062,,4,360.0,4.0,0.0,0.0,0.0,0.0,0.0,0.0,0.0,0.0,0.1,0.1,0.4,0.5,6.0,18.0,6.0,0.0,0.0,0.0,0.0,0.0,0.02,0.11,0.13,0.02,0.13,Matches,4.0
4,Abdoulaye Doucouré,ml MLI,"FW,MF",30-251,,4,359.0,4.0,1.0,0.0,1.0,1.0,0.0,0.0,1.0,0.0,1.9,1.9,1.1,3.0,10.0,12.0,23.0,0.25,0.0,0.25,0.25,0.25,0.48,0.27,0.75,0.48,0.75,Matches,4.0
5,James Tarkowski,eng ENG,DF,30-294,,4,359.0,4.0,0.0,0.0,0.0,0.0,0.0,0.0,0.0,0.0,0.4,0.4,0.0,0.4,1.0,14.0,3.0,0.0,0.0,0.0,0.0,0.0,0.11,0.0,0.11,0.11,0.11,Matches,4.0
6,James Garner,eng ENG,MF,22-180,,4,336.0,3.7,0.0,0.0,0.0,0.0,0.0,0.0,1.0,0.0,0.1,0.1,0.5,0.6,5.0,10.0,12.0,0.0,0.0,0.0,0.0,0.0,0.02,0.15,0.17,0.02,0.17,Matches,4.0
7,Idrissa Gana Gueye,sn SEN,MF,33-348,,4,314.0,3.5,0.0,0.0,0.0,0.0,0.0,0.0,1.0,0.0,0.1,0.1,0.0,0.1,5.0,16.0,7.0,0.0,0.0,0.0,0.0,0.0,0.02,0.01,0.03,0.02,0.03,Matches,4.0
8,Arnaut Danjuma,nl NED,"MF,FW",26-221,,2,251.0,2.8,1.0,0.0,1.0,1.0,0.0,0.0,0.0,0.0,1.8,1.8,0.3,2.1,12.0,4.0,20.0,0.36,0.0,0.36,0.36,0.36,0.64,0.1,0.75,0.64,0.75,Matches,4.0
9,Michael Keane,eng ENG,DF,30-241,,2,181.0,2.0,0.0,0.0,0.0,0.0,0.0,0.0,1.0,0.0,0.0,0.0,0.0,0.0,2.0,6.0,0.0,0.0,0.0,0.0,0.0,0.0,0.02,0.0,0.02,0.02,0.02,Matches,3.0
10,Jarrad Branthwaite,eng ENG,DF,21-074,,2,180.0,2.0,0.0,0.0,0.0,0.0,0.0,0.0,2.0,0.0,0.2,0.2,0.0,0.2,0.0,8.0,0.0,0.0,0.0,0.0,0.0,0.0,0.11,0.0,0.11,0.11,0.11,Matches,2.0
11,Alex Iwobi,ng NGA,MF,27-129,,2,140.0,1.6,0.0,0.0,0.0,0.0,0.0,0.0,0.0,0.0,0.3,0.3,0.2,0.5,6.0,4.0,8.0,0.0,0.0,0.0,0.0,0.0,0.21,0.14,0.35,0.21,0.35,Matches,2.0
12,Lewis Dobbin,eng ENG,MF,20-249,,1,118.0,1.3,0.0,0.0,0.0,0.0,0.0,0.0,0.0,0.0,0.1,0.1,0.0,0.1,5.0,0.0,6.0,0.0,0.0,0.0,0.0,0.0,0.05,0.02,0.07,0.05,0.07,Matches,3.0
13,Neal Maupay,fr FRA,FW,27-026,,1,111.0,1.2,0.0,0.0,0.0,0.0,0.0,0.0,0.0,0.0,1.4,1.4,0.1,1.5,1.0,0.0,6.0,0.0,0.0,0.0,0.0,0.0,1.16,0.05,1.22,1.16,1.22,Matches,2.0
14,Beto,gw GNB,FW,25-221,,1,90.0,1.0,0.0,0.0,0.0,0.0,0.0,0.0,0.0,0.0,0.3,0.3,0.2,0.4,3.0,2.0,5.0,0.0,0.0,0.0,0.0,0.0,0.26,0.15,0.42,0.26,0.42,Matches,1.0
15,Dominic Calvert-Lewin,eng ENG,FW,26-177,,1,37.0,0.4,0.0,0.0,0.0,0.0,0.0,0.0,0.0,0.0,0.0,0.0,0.0,0.0,0.0,1.0,1.0,0.0,0.0,0.0,0.0,0.0,0.0,0.0,0.0,0.0,0.0,Matches,1.0
16,Youssef Chermiti,pt POR,FW,19-108,,0,25.0,0.3,0.0,0.0,0.0,0.0,0.0,0.0,1.0,0.0,0.1,0.1,0.0,0.1,0.0,1.0,2.0,0.0,0.0,0.0,0.0,0.0,0.2,0.0,0.2,0.2,0.2,Matches,1.0
17,Dwight McNeil,eng ENG,MF,23-291,,0,16.0,0.2,0.0,0.0,0.0,0.0,0.0,0.0,0.0,0.0,0.0,0.0,0.0,0.0,0.0,0.0,2.0,0.0,0.0,0.0,0.0,0.0,0.21,0.0,0.21,0.21,0.21,Matches,1.0
18,Thomas Cannon,ie IRL,FW,20-255,,0,1.0,0.0,0.0,0.0,0.0,0.0,0.0,0.0,0.0,0.0,0.0,0.0,0.0,0.0,0.0,0.0,0.0,0.0,0.0,0.0,0.0,0.0,0.0,0.0,0.0,0.0,0.0,Matches,1.0
19,Ben Godfrey,eng ENG,DF,25-237,,0,1.0,0.0,0.0,0.0,0.0,0.0,0.0,0.0,0.0,0.0,0.0,0.0,0.0,0.0,0.0,0.0,0.0,0.0,0.0,0.0,0.0,0.0,0.0,0.0,0.0,0.0,0.0,Matches,1.0
20,Tyler Onyango,eng ENG,MF,20-189,,0,1.0,0.0,0.0,0.0,0.0,0.0,0.0,0.0,0.0,0.0,0.0,0.0,0.0,0.0,0.0,0.0,0.0,0.0,0.0,0.0,0.0,0.0,0.0,0.0,0.0,0.0,0.0,Matches,1.0
0,Amari'i Bell,jm JAM,DF,29-127,3.0,3,270.0,3.0,0.0,0.0,0.0,0.0,0.0,0.0,0.0,0.0,0.0,0.0,0.0,0.0,0.0,10.0,0.0,0.0,0.0,0.0,0.0,0.0,0.0,0.0,0.0,0.0,0.0,Matches,
1,Thomas Kaminski,be BEL,GK,30-321,3.0,3,270.0,3.0,0.0,0.0,0.0,0.0,0.0,0.0,0.0,0.0,0.0,0.0,0.0,0.0,0.0,0.0,0.0,0.0,0.0,0.0,0.0,0.0,0.0,0.0,0.0,0.0,0.0,Matches,
2,Carlton Morris,eng ENG,FW,27-267,3.0,3,270.0,3.0,1.0,1.0,2.0,0.0,1.0,1.0,0.0,0.0,1.4,0.6,0.2,0.8,4.0,12.0,21.0,0.33,0.33,0.67,0.0,0.33,0.46,0.06,0.52,0.2,0.25,Matches,
3,Marvelous Nakamba,zw ZIM,MF,29-233,3.0,3,270.0,3.0,0.0,0.0,0.0,0.0,0.0,0.0,2.0,0.0,0.0,0.0,0.3,0.3,0.0,9.0,2.0,0.0,0.0,0.0,0.0,0.0,0.0,0.1,0.1,0.0,0.1,Matches,
4,Ryan John Giles,eng ENG,DF,23-226,3.0,3,250.0,2.8,0.0,0.0,0.0,0.0,0.0,0.0,0.0,0.0,0.1,0.1,0.2,0.3,5.0,8.0,18.0,0.0,0.0,0.0,0.0,0.0,0.02,0.07,0.1,0.02,0.1,Matches,
5,Tahith Chong,nl NED,MF,23-279,3.0,3,246.0,2.7,0.0,0.0,0.0,0.0,0.0,0.0,0.0,0.0,0.2,0.2,0.0,0.2,4.0,10.0,12.0,0.0,0.0,0.0,0.0,0.0,0.08,0.0,0.08,0.08,0.08,Matches,
6,Elijah Adebayo,eng ENG,FW,25-245,3.0,3,202.0,2.2,0.0,0.0,0.0,0.0,0.0,0.0,0.0,0.0,0.4,0.4,0.1,0.5,1.0,5.0,12.0,0.0,0.0,0.0,0.0,0.0,0.18,0.05,0.22,0.18,0.22,Matches,
7,Tom Lockyer,wls WAL,DF,28-280,2.0,2,180.0,2.0,0.0,0.0,0.0,0.0,0.0,0.0,1.0,0.0,0.0,0.0,0.0,0.0,0.0,5.0,0.0,0.0,0.0,0.0,0.0,0.0,0.0,0.0,0.0,0.0,0.0,Matches,
8,Mads Juel Andersen,dk DEN,DF,25-256,3.0,2,179.0,2.0,1.0,0.0,1.0,1.0,0.0,0.0,1.0,0.0,0.2,0.2,0.0,0.2,0.0,4.0,1.0,0.5,0.0,0.5,0.5,0.5,0.1,0.0,0.1,0.1,0.1,Matches,
9,Reece Burke,eng ENG,DF,27-007,2.0,2,166.0,1.8,0.0,0.0,0.0,0.0,0.0,0.0,0.0,0.0,0.3,0.3,0.2,0.5,0.0,6.0,0.0,0.0,0.0,0.0,0.0,0.0,0.14,0.11,0.25,0.14,0.25,Matches,
10,Issa Kaboré,bf BFA,DF,22-120,3.0,2,152.0,1.7,0.0,0.0,0.0,0.0,0.0,0.0,1.0,0.0,0.0,0.0,0.3,0.3,9.0,6.0,10.0,0.0,0.0,0.0,0.0,0.0,0.03,0.15,0.18,0.03,0.18,Matches,
11,Ross Barkley,eng ENG,MF,29-278,2.0,2,146.0,1.6,0.0,0.0,0.0,0.0,0.0,0.0,0.0,0.0,0.2,0.2,0.3,0.6,1.0,8.0,1.0,0.0,0.0,0.0,0.0,0.0,0.14,0.21,0.36,0.14,0.36,Matches,
12,Alfie Doughty,eng ENG,"DF,MF",23-262,3.0,1,125.0,1.4,0.0,0.0,0.0,0.0,0.0,0.0,0.0,0.0,0.0,0.0,0.1,0.1,0.0,6.0,4.0,0.0,0.0,0.0,0.0,0.0,0.01,0.08,0.09,0.01,0.09,Matches,
13,Pelly Ruddock Mpanzu,cd COD,MF,30-054,3.0,1,121.0,1.3,0.0,0.0,0.0,0.0,0.0,0.0,0.0,0.0,0.3,0.3,0.0,0.3,1.0,4.0,2.0,0.0,0.0,0.0,0.0,0.0,0.22,0.0,0.22,0.22,0.22,Matches,
14,Jacob Brown,sct SCO,FW,25-152,3.0,0,68.0,0.8,0.0,0.0,0.0,0.0,0.0,0.0,1.0,0.0,0.2,0.2,0.0,0.2,3.0,0.0,8.0,0.0,0.0,0.0,0.0,0.0,0.24,0.0,0.24,0.24,0.24,Matches,
15,Chiedozie Ogbene,ie IRL,"DF,FW",26-131,3.0,0,42.0,0.5,0.0,0.0,0.0,0.0,0.0,0.0,0.0,0.0,0.0,0.0,0.0,0.0,5.0,0.0,3.0,0.0,0.0,0.0,0.0,0.0,0.06,0.0,0.06,0.06,0.06,Matches,
16,Cauley Woodrow,eng ENG,MF,28-281,2.0,0,10.0,0.1,0.0,0.0,0.0,0.0,0.0,0.0,0.0,0.0,0.0,0.0,0.3,0.3,0.0,1.0,0.0,0.0,0.0,0.0,0.0,0.0,0.0,2.39,2.39,0.0,2.39,Matches,
17,Luke Berry,eng ENG,MF,31-059,1.0,0,3.0,0.0,0.0,0.0,0.0,0.0,0.0,0.0,0.0,0.0,0.0,0.0,0.0,0.0,0.0,0.0,0.0,0.0,0.0,0.0,0.0,0.0,0.0,0.0,0.0,0.0,0.0,Matches,
0,Josh Cullen,ie IRL,MF,27-155,3.0,3,270.0,3.0,0.0,1.0,1.0,0.0,0.0,0.0,1.0,0.0,0.0,0.0,0.5,0.5,1.0,9.0,6.0,0.0,0.33,0.33,0.0,0.33,0.01,0.15,0.16,0.01,0.16,Matches,
1,Ameen Al-Dakhil,be BEL,DF,21-187,3.0,3,270.0,3.0,0.0,0.0,0.0,0.0,0.0,0.0,0.0,0.0,0.1,0.1,0.0,0.1,4.0,13.0,2.0,0.0,0.0,0.0,0.0,0.0,0.03,0.0,0.03,0.03,0.03,Matches,
2,Dara O'Shea,ie IRL,DF,24-189,3.0,3,270.0,3.0,0.0,0.0,0.0,0.0,0.0,0.0,0.0,0.0,0.0,0.0,0.0,0.1,1.0,11.0,0.0,0.0,0.0,0.0,0.0,0.0,0.01,0.01,0.02,0.01,0.02,Matches,
3,Connor Roberts,wls WAL,DF,27-351,3.0,3,270.0,3.0,0.0,0.0,0.0,0.0,0.0,0.0,0.0,0.0,0.0,0.0,0.0,0.0,3.0,21.0,2.0,0.0,0.0,0.0,0.0,0.0,0.0,0.01,0.01,0.0,0.01,Matches,
4,James Trafford,eng ENG,GK,20-334,3.0,3,270.0,3.0,0.0,0.0,0.0,0.0,0.0,0.0,0.0,0.0,0.0,0.0,0.0,0.0,0.0,3.0,0.0,0.0,0.0,0.0,0.0,0.0,0.0,0.0,0.0,0.0,0.0,Matches,
5,Lyle Foster,za RSA,"FW,MF",23-006,3.0,3,259.0,2.9,2.0,0.0,2.0,2.0,0.0,0.0,0.0,0.0,0.8,0.8,0.1,0.9,8.0,3.0,14.0,0.69,0.0,0.69,0.69,0.69,0.29,0.02,0.31,0.29,0.31,Matches,
6,Sander Berge,no NOR,MF,25-207,3.0,3,201.0,2.2,0.0,0.0,0.0,0.0,0.0,0.0,1.0,0.0,0.0,0.0,0.0,0.0,0.0,1.0,5.0,0.0,0.0,0.0,0.0,0.0,0.0,0.02,0.02,0.0,0.02,Matches,
7,Zeki Amdouni,ch SUI,FW,22-279,3.0,3,199.0,2.2,0.0,0.0,0.0,0.0,0.0,0.0,0.0,0.0,0.1,0.1,0.2,0.3,4.0,6.0,9.0,0.0,0.0,0.0,0.0,0.0,0.05,0.09,0.13,0.05,0.13,Matches,
8,Luca Koleosho,it ITA,MF,18-359,3.0,3,194.0,2.2,0.0,1.0,1.0,0.0,0.0,0.0,0.0,0.0,0.2,0.2,0.5,0.7,9.0,4.0,16.0,0.0,0.46,0.46,0.0,0.46,0.09,0.25,0.34,0.09,0.34,Matches,
9,Jordan Beyer,de GER,DF,23-113,2.0,2,146.0,1.6,0.0,0.0,0.0,0.0,0.0,0.0,1.0,0.0,0.0,0.0,0.0,0.0,0.0,2.0,0.0,0.0,0.0,0.0,0.0,0.0,0.0,0.0,0.0,0.0,0.0,Matches,
10,Hannes Delcroix,be BEL,DF,24-193,2.0,1,135.0,1.5,0.0,0.0,0.0,0.0,0.0,0.0,1.0,0.0,0.4,0.4,0.1,0.5,1.0,6.0,0.0,0.0,0.0,0.0,0.0,0.0,0.24,0.1,0.33,0.24,0.33,Matches,
11,Jóhann Berg Guðmundsson,is ISL,"MF,DF",32-317,2.0,1,90.0,1.0,0.0,1.0,1.0,0.0,0.0,0.0,1.0,0.0,0.0,0.0,0.2,0.2,2.0,8.0,7.0,0.0,1.0,1.0,0.0,1.0,0.0,0.23,0.23,0.0,0.23,Matches,
12,Vitinho,br BRA,DF,24-048,1.0,1,90.0,1.0,0.0,0.0,0.0,0.0,0.0,0.0,0.0,0.0,0.0,0.0,0.1,0.1,1.0,0.0,2.0,0.0,0.0,0.0,0.0,0.0,0.0,0.08,0.08,0.0,0.08,Matches,
13,Benson Manuel,be BEL,"MF,FW",26-165,2.0,1,62.0,0.7,0.0,0.0,0.0,0.0,0.0,0.0,0.0,0.0,0.0,0.0,0.0,0.0,1.0,0.0,5.0,0.0,0.0,0.0,0.0,0.0,0.0,0.0,0.0,0.0,0.0,Matches,
14,Jacob Bruun Larsen,dk DEN,"MF,DF",24-355,3.0,0,63.0,0.7,0.0,0.0,0.0,0.0,0.0,0.0,0.0,0.0,0.1,0.1,0.1,0.2,6.0,3.0,10.0,0.0,0.0,0.0,0.0,0.0,0.11,0.16,0.27,0.11,0.27,Matches,
15,Nathan Redmond,eng ENG,"MF,DF",29-187,3.0,0,55.0,0.6,0.0,0.0,0.0,0.0,0.0,0.0,0.0,0.0,0.0,0.0,0.2,0.2,2.0,0.0,7.0,0.0,0.0,0.0,0.0,0.0,0.0,0.38,0.38,0.0,0.38,Matches,
16,Josh Brownhill,eng ENG,MF,27-264,2.0,0,46.0,0.5,1.0,0.0,1.0,1.0,0.0,0.0,1.0,0.0,0.2,0.2,0.1,0.3,0.0,0.0,3.0,1.96,0.0,1.96,1.96,1.96,0.39,0.12,0.5,0.39,0.5,Matches,
17,Anass Zaroury,ma MAR,FW,22-306,1.0,0,29.0,0.3,0.0,0.0,0.0,0.0,0.0,0.0,0.0,1.0,0.0,0.0,0.0,0.1,0.0,0.0,1.0,0.0,0.0,0.0,0.0,0.0,0.14,0.07,0.21,0.14,0.21,Matches,
18,Aaron Ramsey,eng ENG,FW,20-231,1.0,0,23.0,0.3,0.0,0.0,0.0,0.0,0.0,0.0,0.0,0.0,0.0,0.0,0.0,0.0,0.0,1.0,0.0,0.0,0.0,0.0,0.0,0.0,0.0,0.0,0.0,0.0,0.0,Matches,
19,Jack Cork,eng ENG,MF,34-076,1.0,0,17.0,0.2,0.0,0.0,0.0,0.0,0.0,0.0,0.0,0.0,0.0,0.0,0.0,0.0,2.0,1.0,1.0,0.0,0.0,0.0,0.0,0.0,0.0,0.0,0.0,0.0,0.0,Matches,
20,Jay Rodriguez,eng ENG,FW,34-042,1.0,0,10.0,0.1,0.0,0.0,0.0,0.0,0.0,0.0,0.0,0.0,0.5,0.5,0.0,0.5,0.0,0.0,1.0,0.0,0.0,0.0,0.0,0.0,4.07,0.0,4.07,4.07,4.07,Matches,
