,Date,Day,Comp,Round,Venue,Result,Squad,Opponent,Start,Pos,Min,Gls,Ast,PK,PKatt,Sh,SoT,CrdY,CrdR,Touches,Tkl,Int,Blocks,xG,npxG,xAG,SCA,GCA,Cmp,Att,Cmp%,PrgP,Carries,PrgC,Att,Succ,Match Report,name,season
1,2023-08-11,Fri,Premier League,Matchweek 1,Away,W 3–0,Manchester City,Burnley,Y,FW,79,2,0,0,0,4,2,0,0,18,0,0,0,0.6,0.6,0.3,3,0,9,11,81.8,1,15,1,0,0,Match Report,Erling Haaland,2023/2024
3,2023-08-19,Sat,Premier League,Matchweek 2,Home,W 1–0,Manchester City,Newcastle Utd,Y,FW,90,0,0,0,0,4,2,0,0,22,0,1,1,0.4,0.4,0.1,2,0,6,11,54.5,1,15,3,1,0,Match Report,Erling Haaland,2023/2024
4,2023-08-27,Sun,Premier League,Matchweek 3,Away,W 2–1,Manchester City,Sheffield Utd,Y,FW,90,1,0,0,1,7,3,0,0,23,0,0,0,2.1,1.3,0.1,2,1,6,11,54.5,0,15,0,1,1,Match Report,Erling Haaland,2023/2024
5,2023-09-02,Sat,Premier League,Matchweek 4,Home,W 5–1,Manchester City,Fulham,Y,FW,90,3,1,1,1,3,2,0,0,17,0,0,0,1.6,0.8,0.7,2,1,4,6,66.7,1,9,0,1,0,Match Report,Erling Haaland,2023/2024
4,2023-09-02,Sat,Premier League,Matchweek 4,Away,W 5–2,Tottenham,Burnley,Y*,FW,71,3,0,0,0,5.0,3.0,0,0,27.0,0.0,0.0,0.0,1.1,1.1,0.0,4.0,1.0,15.0,18.0,83.3,5.0,18.0,3.0,1.0,0.0,Match Report,Son Heung min,2023/2024
0,2023-08-13,Sun,Premier League,Matchweek 1,Away,D 2–2,Tottenham,Brentford,Y,FW,90,0,0,0,0,2,1,0,0,30.0,0.0,0,0.0,0.2,0.2,0.0,1.0,0.0,13.0,18.0,72.2,1.0,21.0,1.0,5.0,3.0,Match Report,Richarlison,2023/2024
1,2023-08-19,Sat,Premier League,Matchweek 2,Home,W 2–0,Tottenham,Manchester Utd,Y,FW,69,0,0,0,0,0,0,0,0,24.0,0.0,0,1.0,0.0,0.0,0.0,1.0,0.0,9.0,14.0,64.3,0.0,20.0,1.0,3.0,1.0,Match Report,Richarlison,2023/2024
2,2023-08-26,Sat,Premier League,Matchweek 3,Away,W 2–0,Tottenham,Bournemouth,Y,FW,59,0,0,0,0,2,1,1,0,26.0,0.0,0,0.0,0.3,0.3,0.0,2.0,0.0,10.0,13.0,76.9,2.0,17.0,1.0,3.0,1.0,Match Report,Richarlison,2023/2024
4,2023-09-02,Sat,Premier League,Matchweek 4,Away,W 5–2,Tottenham,Burnley,N,FW,19,0,0,0,0,0,0,0,0,6.0,0.0,0,2.0,0.0,0.0,0.0,0.0,0.0,2.0,3.0,66.7,0.0,4.0,0.0,1.0,0.0,Match Report,Richarlison,2023/2024
3,2023-09-03,Sun,Premier League,Matchweek 4,Home,W 3–0,Liverpool,Aston Villa,N,FW,26,0,0,0,0,0,0,0,0,6.0,0.0,0,0.0,0.0,0.0,0.0,0.0,0.0,2.0,3.0,66.7,1.0,4.0,0.0,0.0,0.0,Match Report,Cody Gakpo,2023/2024
0,2023-08-13,Sun,Premier League,Matchweek 1,Away,D 1–1,Liverpool,Chelsea,Y,FW,65,0,0,0,0,2,0,1,0,28,1,0,1,0.1,0.1,0.0,3,0,14,18,77.8,2,10,1,2,1,Match Report,Diogo Jota,2023/2024
0,2023-08-13,Sun,Premier League,Matchweek 1,Away,D 1–1,Liverpool,Chelsea,N,FW,25,0,0,0,0,2,0,0,0,13.0,0.0,0,0.0,0.0,0.0,0.0,1.0,0.0,5.0,6.0,83.3,1.0,9.0,1.0,3.0,2.0,Match Report,Darwin Nunez,2023/2024
1,2023-08-19,Sat,Premier League,Matchweek 2,Home,W 3–1,Liverpool,Bournemouth,N,FW,5,0,0,0,0,0,0,0,0,5.0,1.0,0,1.0,0.0,0.0,0.0,0.0,0.0,1.0,2.0,50.0,0.0,4.0,0.0,0.0,0.0,Match Report,Darwin Nunez,2023/2024
2,2023-08-27,Sun,Premier League,Matchweek 3,Away,W 2–1,Liverpool,Newcastle Utd,N,FW,14,2,0,0,0,2,2,1,0,8.0,0.0,0,0.0,0.4,0.4,0.0,0.0,0.0,4.0,6.0,66.7,1.0,4.0,0.0,0.0,0.0,Match Report,Darwin Nunez,2023/2024
3,2023-09-03,Sun,Premier League,Matchweek 4,Home,W 3–0,Liverpool,Aston Villa,Y,FW,64,0,1,0,0,5,0,0,0,24.0,1.0,0,0.0,1.1,1.1,0.5,2.0,1.0,7.0,11.0,63.6,3.0,16.0,2.0,0.0,0.0,Match Report,Darwin Nunez,2023/2024
3,2023-08-12,Sat,Premier League,Matchweek 1,Away,D 1–1,West Ham,Bournemouth,Y,FW,77,0,0,0,0,0,0,1,0,29.0,1.0,0,1.0,0.0,0.0,0.0,3.0,0.0,7.0,14.0,50.0,1.0,17.0,1.0,5.0,3.0,Match Report,Michail Antonio,2023/2024
4,2023-08-20,Sun,Premier League,Matchweek 2,Home,W 3–1,West Ham,Chelsea,Y,FW,75,1,0,0,0,2,1,0,0,18.0,0.0,0,0.0,0.2,0.2,0.0,1.0,0.0,5.0,11.0,45.5,1.0,15.0,1.0,0.0,0.0,Match Report,Michail Antonio,2023/2024
5,2023-08-26,Sat,Premier League,Matchweek 3,Away,W 3–1,West Ham,Brighton,Y,FW,78,1,0,0,0,3,2,0,0,22.0,1.0,0,1.0,0.7,0.7,0.3,3.0,2.0,7.0,10.0,70.0,0.0,11.0,3.0,4.0,3.0,Match Report,Michail Antonio,2023/2024
6,2023-09-01,Fri,Premier League,Matchweek 4,Away,W 2–1,West Ham,Luton Town,Y,FW,79,0,0,0,0,0,0,0,0,26.0,0.0,1,1.0,0.0,0.0,0.0,1.0,0.0,16.0,20.0,80.0,2.0,17.0,0.0,2.0,2.0,Match Report,Michail Antonio,2023/2024
0,2023-08-12,Sat,Premier League,Matchweek 1,Away,D 1–1,West Ham,Bournemouth,N,FW,13,0,0,0,0,1,0,0,0,9,0,0,0,0.1,0.1,0.0,0,0,1,4,25.0,0,5,0,2,1,Match Report,Danny Ings,2023/2024
2,2023-08-26,Sat,Premier League,Matchweek 3,Away,W 3–1,West Ham,Brighton,N,FW,6,0,0,0,0,0,0,0,0,4,0,0,1,0.0,0.0,0.0,0,0,2,3,66.7,0,3,0,0,0,Match Report,Danny Ings,2023/2024
3,2023-09-01,Fri,Premier League,Matchweek 4,Away,W 2–1,West Ham,Luton Town,N,FW,11,0,0,0,0,0,0,0,0,7,0,0,0,0.0,0.0,0.0,0,0,4,5,80.0,1,4,0,0,0,Match Report,Danny Ings,2023/2024
1,2023-08-12,Sat,Premier League,Matchweek 1,Home,W 2–1,Arsenal,Nott'ham Forest,Y,FW,73,1,0,0,0,3,1,0,0,26.0,1.0,0,1.0,0.2,0.2,0.0,1.0,0.0,16.0,16.0,100.0,0.0,14.0,0.0,3.0,0.0,Match Report,Eddie Nketiah,2023/2024
2,2023-08-21,Mon,Premier League,Matchweek 2,Away,W 1–0,Arsenal,Crystal Palace,Y,FW,78,0,0,0,0,3,0,0,0,18.0,0.0,0,0.0,0.8,0.8,0.1,6.0,1.0,9.0,12.0,75.0,1.0,16.0,3.0,4.0,2.0,Match Report,Eddie Nketiah,2023/2024
3,2023-08-26,Sat,Premier League,Matchweek 3,Home,D 2–2,Arsenal,Fulham,N,FW,45,1,0,0,0,4,1,0,0,19.0,0.0,0,0.0,0.4,0.4,0.0,0.0,0.0,10.0,12.0,83.3,1.0,10.0,0.0,1.0,0.0,Match Report,Eddie Nketiah,2023/2024
4,2023-09-03,Sun,Premier League,Matchweek 4,Home,W 3–1,Arsenal,Manchester Utd,Y,FW,75,0,0,0,0,1,0,0,0,35.0,0.0,1,1.0,0.0,0.0,0.1,7.0,1.0,19.0,23.0,82.6,3.0,24.0,1.0,3.0,1.0,Match Report,Eddie Nketiah,2023/2024
3,2023-08-26,Sat,Premier League,Matchweek 3,Home,D 2–2,Arsenal,Fulham,Y,FW,45,0,0,0,0,0,0,0,0,25,0,0,1,0.0,0.0,0.7,6,0,15,21,71.4,1,14,1,0,0,Match Report,Leandro Trossard,2023/2024
1,2023-09-03,Sun,Premier League,Matchweek 4,Home,W 3–1,Arsenal,Manchester Utd,N,FW,15,1,0,0,0,1,1,1,0,9.0,0.0,0,0.0,0.8,0.8,0.0,2.0,1.0,6.0,6.0,100.0,1.0,5.0,2.0,3.0,3.0,Match Report,Gabriel Jesus,2023/2024
0,2023-08-12,Sat,Premier League,Matchweek 1,Home,W 4–1,Brighton,Luton Town,Y,FW,77,0,0,0,0,4,1,0,0,26,0,0,1,0.3,0.3,0.0,3,0,12,14,85.7,1,16,2,1,1,Match Report,Danny Welbeck,2023/2024
1,2023-08-19,Sat,Premier League,Matchweek 2,Away,W 4–1,Brighton,Wolves,Y,FW,56,0,0,0,0,2,1,0,0,33,0,0,2,0.2,0.2,0.1,6,2,19,22,86.4,2,22,3,0,0,Match Report,Danny Welbeck,2023/2024
0,2023-08-12,Sat,Premier League,Matchweek 1,Home,W 4–1,Brighton,Luton Town,N,FW,13,1,0,0,0,2,1,0,0,10,0,0,0,0.9,0.9,0.1,1,0,6,6,100.0,1,8,0,1,0,Match Report,Evan Ferguson,2023/2024
1,2023-08-19,Sat,Premier League,Matchweek 2,Away,W 4–1,Brighton,Wolves,N,FW,24,0,0,0,0,1,0,0,0,11,0,0,2,0.1,0.1,0.0,1,0,2,4,50.0,0,4,0,2,1,Match Report,Evan Ferguson,2023/2024
2,2023-08-26,Sat,Premier League,Matchweek 3,Home,L 1–3,Brighton,West Ham,Y,FW,90,0,0,0,0,6,4,0,0,32,0,0,0,0.6,0.6,0.0,2,0,19,21,90.5,1,21,0,1,0,Match Report,Evan Ferguson,2023/2024
3,2023-09-02,Sat,Premier League,Matchweek 4,Home,W 3–1,Brighton,Newcastle Utd,Y,FW,80,3,0,0,0,4,4,0,0,27,0,0,1,0.8,0.8,0.0,1,0,17,18,94.4,3,23,2,2,2,Match Report,Evan Ferguson,2023/2024
2,2023-09-02,Sat,Premier League,Matchweek 4,Home,W 3–1,Brighton,Newcastle Utd,N,FW,10,0,0,0,0,0,0,1,0,16,1,0,0,0.0,0.0,0.0,0,0,14,14,100.0,1,7,0,0,0,Match Report,Adam Lallana,2023/2024
0,2023-08-12,Sat,Premier League,Matchweek 1,Away,W 1–0,Crystal Palace,Sheffield Utd,Y,FW,90,1,0,0,0,7,3,0,0,35.0,3.0,0,1.0,1.0,1.0,0.2,5.0,0.0,10.0,13.0,76.9,2.0,22.0,1.0,3.0,2.0,Match Report,Odsonne Edouard,2023/2024
1,2023-08-21,Mon,Premier League,Matchweek 2,Home,L 0–1,Crystal Palace,Arsenal,Y,FW,90,0,0,0,0,3,1,0,0,31.0,0.0,0,0.0,0.4,0.4,0.0,3.0,0.0,14.0,20.0,70.0,2.0,19.0,3.0,4.0,1.0,Match Report,Odsonne Edouard,2023/2024
2,2023-08-26,Sat,Premier League,Matchweek 3,Away,D 1–1,Crystal Palace,Brentford,Y,FW,70,0,0,0,0,2,1,0,0,20.0,0.0,0,0.0,0.1,0.1,0.0,1.0,0.0,8.0,12.0,66.7,0.0,14.0,3.0,1.0,1.0,Match Report,Odsonne Edouard,2023/2024
2,2023-08-26,Sat,Premier League,Matchweek 3,Away,D 1–1,Crystal Palace,Brentford,N,FW,20,0,0,0,0,0,0,0,0,5,0,0,0,0.0,0.0,0.0,0,0,2,3,66.7,1,4,0,0,0,Match Report,Jean Philippe Mateta,2023/2024
4,2023-09-03,Sun,Premier League,Matchweek 4,Home,W 3–2,Crystal Palace,Wolves,N,FW,20,0,2,0,0,0,0,0,0,11,0,0,0,0.0,0.0,0.7,3,2,6,7,85.7,1,7,0,0,0,Match Report,Jean Philippe Mateta,2023/2024
0,2023-08-13,Sun,Premier League,Matchweek 1,Home,D 2–2,Brentford,Tottenham,Y,FW,90,1,0,1,1,2,1,0,0,41.0,0.0,1,0.0,1.4,0.6,0.0,1.0,1.0,22.0,33.0,66.7,6.0,25.0,1.0,1.0,0.0,Match Report,Bryan Mbeumo,2023/2024
0,2023-08-13,Sun,Premier League,Matchweek 1,Home,D 2–2,Brentford,Tottenham,Y,FW,71,1,0,0,0,3.0,2.0,0,0,31.0,1.0,1.0,4.0,0.3,0.3,0.1,2.0,0.0,12.0,18.0,66.7,3.0,12.0,2.0,1.0,1.0,Match Report,Yoane Wissa,2023/2024
1,2023-08-19,Sat,Premier League,Matchweek 2,Away,W 3–0,Brentford,Fulham,Y,FW,78,1,0,0,0,7.0,3.0,0,0,21.0,0.0,0.0,0.0,1.4,1.4,0.0,1.0,1.0,10.0,11.0,90.9,0.0,14.0,1.0,2.0,1.0,Match Report,Yoane Wissa,2023/2024
2,2023-08-26,Sat,Premier League,Matchweek 3,Home,D 1–1,Brentford,Crystal Palace,Y,FW,90,0,0,0,0,2.0,0.0,0,0,27.0,0.0,0.0,1.0,0.3,0.3,0.0,0.0,0.0,9.0,15.0,60.0,0.0,13.0,1.0,1.0,0.0,Match Report,Yoane Wissa,2023/2024
4,2023-09-02,Sat,Premier League,Matchweek 4,Home,D 2–2,Brentford,Bournemouth,Y,FW,90,0,0,0,0,3.0,0.0,0,0,28.0,1.0,0.0,1.0,0.4,0.4,0.0,2.0,0.0,11.0,13.0,84.6,1.0,13.0,2.0,1.0,0.0,Match Report,Yoane Wissa,2023/2024
0,2023-08-13,Sun,Premier League,Matchweek 1,Home,D 2–2,Brentford,Tottenham,N,FW,19,0,0,0,0,1.0,0.0,0,0,5.0,0.0,0.0,0.0,0.3,0.3,0.0,0.0,0.0,0.0,1.0,0.0,0.0,3.0,0.0,0.0,0.0,Match Report,Kevin Schade,2023/2024
1,2023-08-19,Sat,Premier League,Matchweek 2,Away,W 3–0,Brentford,Fulham,N,FW,12,0,0,0,0,0,0,0,0,6,0,0,0,0.0,0.0,0.0,0,0,0,2,0.0,0,4,0,1,0,Match Report,Mikkel Damsgaard,2023/2024
1,2023-08-18,Fri,Premier League,Matchweek 2,Home,W 2–1,Nott'ham Forest,Sheffield Utd,Y,FW,83,1,0,0,0,1,1,0,0,21.0,0.0,0,1.0,0.3,0.3,0.1,3.0,0.0,10.0,12.0,83.3,3.0,13.0,0.0,3.0,2.0,Match Report,Taiwo Awoniyi,2023/2024
2,2023-08-26,Sat,Premier League,Matchweek 3,Away,L 2–3,Nott'ham Forest,Manchester Utd,Y,FW,80,1,0,0,0,3,1,0,0,33.0,0.0,0,0.0,0.7,0.7,0.0,1.0,1.0,14.0,22.0,63.6,1.0,19.0,1.0,2.0,2.0,Match Report,Taiwo Awoniyi,2023/2024
4,2023-09-02,Sat,Premier League,Matchweek 4,Away,W 1–0,Nott'ham Forest,Chelsea,Y,FW,64,0,1,0,0,2,0,0,0,23.0,1.0,0,1.0,0.2,0.2,0.4,3.0,1.0,6.0,15.0,40.0,2.0,13.0,2.0,0.0,0.0,Match Report,Taiwo Awoniyi,2023/2024
0,2023-08-12,Sat,Premier League,Matchweek 1,Away,L 1–2,Nott'ham Forest,Arsenal,N,FW,1,0,0,0,0,0,0,0,0,2.0,0.0,0,0.0,0.0,0.0,0.0,0.0,0.0,0.0,1.0,0.0,0.0,1.0,0.0,0.0,0.0,Match Report,Chris Wood,2023/2024
1,2023-08-18,Fri,Premier League,Matchweek 2,Home,W 2–1,Nott'ham Forest,Sheffield Utd,N,FW,7,1,0,0,0,1,1,0,0,7.0,0.0,0,0.0,0.1,0.1,0.0,0.0,0.0,3.0,5.0,60.0,0.0,5.0,0.0,0.0,0.0,Match Report,Chris Wood,2023/2024
2,2023-08-26,Sat,Premier League,Matchweek 3,Away,L 2–3,Nott'ham Forest,Manchester Utd,N,FW,10,0,0,0,0,0,0,0,0,9.0,0.0,1,0.0,0.0,0.0,0.1,1.0,0.0,4.0,8.0,50.0,0.0,4.0,1.0,0.0,0.0,Match Report,Chris Wood,2023/2024
4,2023-09-02,Sat,Premier League,Matchweek 4,Away,W 1–0,Nott'ham Forest,Chelsea,N,FW,26,0,0,0,0,0,0,0,0,8.0,0.0,0,0.0,0.0,0.0,0.0,0.0,0.0,3.0,5.0,60.0,1.0,3.0,0.0,0.0,0.0,Match Report,Chris Wood,2023/2024
0,2023-08-12,Sat,Premier League,Matchweek 1,Away,L 1–5,Aston Villa,Newcastle Utd,Y,FW,90,0,1,0,0,2.0,1.0,0,0,27.0,1.0,0.0,1.0,0.3,0.3,0.2,3.0,1.0,15.0,18.0,83.3,2.0,15.0,1.0,3.0,2.0,Match Report,Ollie Watkins,2023/2024
1,2023-08-20,Sun,Premier League,Matchweek 2,Home,W 4–0,Aston Villa,Everton,Y,FW,73,0,0,0,0,1.0,0.0,0,0,17.0,1.0,0.0,0.0,0.3,0.3,0.1,4.0,1.0,9.0,9.0,100.0,0.0,15.0,2.0,1.0,0.0,Match Report,Ollie Watkins,2023/2024
3,2023-08-27,Sun,Premier League,Matchweek 3,Away,W 3–1,Aston Villa,Burnley,Y,FW,85,0,1,0,0,5.0,2.0,0,0,30.0,0.0,0.0,0.0,0.9,0.9,0.9,4.0,1.0,15.0,20.0,75.0,0.0,15.0,2.0,1.0,0.0,Match Report,Ollie Watkins,2023/2024
5,2023-09-03,Sun,Premier League,Matchweek 4,Away,L 0–3,Aston Villa,Liverpool,Y,FW,72,0,0,0,0,2.0,0.0,0,0,17.0,0.0,0.0,1.0,0.2,0.2,0.1,1.0,0.0,7.0,9.0,77.8,1.0,8.0,0.0,0.0,0.0,Match Report,Ollie Watkins,2023/2024
5,2023-09-03,Sun,Premier League,Matchweek 4,Away,L 0–3,Aston Villa,Liverpool,Y,FW,90,0,0,0,0,1,0,0,0,29,0,1,0,0.1,0.1,0.1,2,0,18,21,85.7,3,13,2,5,1,Match Report,Moussa Diaby,2023/2024
0,2023-08-20,Sun,Premier League,Matchweek 2,Home,W 4–0,Aston Villa,Everton,N,FW,17,1,0,0,0,1.0,1.0,0,0,12.0,1.0,0.0,0.0,0.5,0.5,0.0,2.0,1.0,7.0,9.0,77.8,0.0,5.0,1.0,1.0,1.0,Match Report,Jhon Duran,2023/2024
2,2023-08-27,Sun,Premier League,Matchweek 3,Away,W 3–1,Aston Villa,Burnley,N,FW,5,0,0,0,0,0.0,0.0,0,0,3.0,0.0,0.0,0.0,0.0,0.0,0.0,0.0,0.0,1.0,2.0,50.0,0.0,1.0,1.0,0.0,0.0,Match Report,Jhon Duran,2023/2024
4,2023-09-03,Sun,Premier League,Matchweek 4,Away,L 0–3,Aston Villa,Liverpool,N,FW,18,0,0,0,0,2.0,0.0,0,0,8.0,0.0,0.0,1.0,0.1,0.1,0.0,0.0,0.0,3.0,5.0,60.0,1.0,6.0,2.0,0.0,0.0,Match Report,Jhon Duran,2023/2024
0,2023-08-12,Sat,Premier League,Matchweek 1,Away,L 1–5,Aston Villa,Newcastle Utd,N,FW,4,0,0,0,0,1,0,0,0,11,0,0,0,0.1,0.1,0.0,1,0,7,9,77.8,1,6,3,1,1,Match Report,Philippe Coutinho,2023/2024
3,2023-09-02,Sat,Premier League,Matchweek 4,Home,D 2–2,Sheffield Utd,Everton,Y,FW,74,1,0,0,0,2,1,0,0,14,0,0,0,0.2,0.2,0.0,0,0,6,6,100.0,0,13,1,2,1,Match Report,Cameron Archer,2023/2024
0,2023-08-14,Mon,Premier League,Matchweek 1,Home,W 1–0,Manchester Utd,Wolves,Y,FW,87,0,0,0,0,4,1,0,0,31.0,0.0,0,1.0,0.4,0.4,0.0,1.0,0.0,13.0,15.0,86.7,2.0,24.0,2.0,8.0,4.0,Match Report,Marcus Rashford,2023/2024
1,2023-08-19,Sat,Premier League,Matchweek 2,Away,L 0–2,Manchester Utd,Tottenham,Y,FW,84,0,0,0,0,3,1,0,0,27.0,0.0,0,1.0,0.4,0.4,0.1,6.0,0.0,13.0,16.0,81.3,2.0,18.0,2.0,2.0,1.0,Match Report,Marcus Rashford,2023/2024
1,2023-08-19,Sat,Premier League,Matchweek 2,Away,L 0–2,Manchester Utd,Tottenham,N,FW,6,0,0,0,0,0,0,0,0,8,1,0,0,0.0,0.0,0.0,1,0,6,6,100.0,1,6,0,1,0,Match Report,Anthony Martial,2023/2024
2,2023-08-26,Sat,Premier League,Matchweek 3,Home,W 3–2,Manchester Utd,Nott'ham Forest,Y,FW,59,0,0,0,0,1,0,0,0,19,0,0,1,0.0,0.0,0.0,1,0,13,15,86.7,1,14,1,0,0,Match Report,Anthony Martial,2023/2024
3,2023-09-03,Sun,Premier League,Matchweek 4,Away,L 1–3,Manchester Utd,Arsenal,Y,FW,66,0,0,0,0,1,1,0,0,17,0,0,0,0.0,0.0,0.0,1,0,11,12,91.7,2,10,1,0,0,Match Report,Anthony Martial,2023/2024
2,2023-08-26,Sat,Premier League,Matchweek 3,Home,W 3–2,Manchester Utd,Nott'ham Forest,N,FW,31,0,0,0,0,0,0,0,0,13,0,0,0,0.0,0.0,0.0,2,1,10,13,76.9,1,14,4,0,0,Match Report,Jadon Sancho,2023/2024
0,2023-09-03,Sun,Premier League,Matchweek 4,Away,L 1–3,Manchester Utd,Arsenal,N,FW,24,0,0,0,0,1,0,0,0,9.0,0.0,0,0.0,0.3,0.3,0.0,0.0,0.0,2.0,3.0,66.7,0.0,7.0,1.0,0.0,0.0,Match Report,Rasmus Hojlund,2023/2024
0,2023-08-14,Mon,Premier League,Matchweek 1,Home,W 1–0,Manchester Utd,Wolves,N,FW,3,0,0,0,0,0,0,0,0,5,1,0,1,0.0,0.0,0.0,0,0,2,2,100.0,0,1,0,1,0,Match Report,Scott McTominay,2023/2024
0,2023-08-13,Sun,Premier League,Matchweek 1,Home,D 1–1,Chelsea,Liverpool,Y,FW,90,0,0,0,0,4,2,1,0,33.0,0.0,0,1.0,0.5,0.5,0.0,0.0,0.0,17.0,21.0,81.0,0.0,24.0,5.0,3.0,2.0,Match Report,Nicolas Jackson,2023/2024
1,2023-08-20,Sun,Premier League,Matchweek 2,Away,L 1–3,Chelsea,West Ham,Y,FW,90,0,0,0,0,2,0,1,0,42.0,3.0,0,2.0,0.8,0.8,0.0,2.0,0.0,21.0,31.0,67.7,1.0,22.0,2.0,3.0,1.0,Match Report,Nicolas Jackson,2023/2024
2,2023-08-25,Fri,Premier League,Matchweek 3,Home,W 3–0,Chelsea,Luton Town,Y,FW,82,1,0,0,0,5,3,0,0,41.0,1.0,1,1.0,0.7,0.7,0.3,7.0,0.0,20.0,23.0,87.0,2.0,26.0,5.0,2.0,2.0,Match Report,Nicolas Jackson,2023/2024
4,2023-09-02,Sat,Premier League,Matchweek 4,Home,L 0–1,Chelsea,Nott'ham Forest,Y,FW,90,0,0,0,0,4,0,1,0,45.0,0.0,0,0.0,1.0,1.0,0.0,7.0,0.0,22.0,26.0,84.6,5.0,36.0,4.0,6.0,5.0,Match Report,Nicolas Jackson,2023/2024
1,2023-08-20,Sun,Premier League,Matchweek 2,Away,L 1–3,Chelsea,West Ham,N,FW,8,0,0,0,0,0,0,0,0,5,0,0,0,0.0,0.0,0.0,0,0,3,4,75.0,0,1,0,0,0,Match Report,Mason Burstow,2023/2024
2,2023-08-25,Fri,Premier League,Matchweek 3,Home,W 3–0,Chelsea,Luton Town,N,FW,1,0,0,0,0,0,0,0,0,1,0,0,0,0.0,0.0,0.0,0,0,0,0,,0,1,0,0,0,Match Report,Mason Burstow,2023/2024
0,2023-08-12,Sat,Premier League,Matchweek 1,Away,W 1–0,Fulham,Everton,Y,FW,57,0,0,0,0,1.0,0.0,0,0,19.0,0.0,0.0,0.0,0.1,0.1,0.0,0.0,0.0,12.0,17.0,70.6,1.0,19.0,0.0,0.0,0.0,Match Report,Raul Jimenez,2023/2024
1,2023-08-19,Sat,Premier League,Matchweek 2,Home,L 0–3,Fulham,Brentford,Y,FW,85,0,0,0,0,2.0,0.0,0,0,37.0,1.0,0.0,0.0,0.1,0.1,0.0,1.0,0.0,15.0,26.0,57.7,0.0,24.0,2.0,1.0,0.0,Match Report,Raul Jimenez,2023/2024
2,2023-08-26,Sat,Premier League,Matchweek 3,Away,D 2–2,Fulham,Arsenal,Y,FW,90,0,0,0,0,2.0,0.0,1,0,40.0,3.0,0.0,3.0,0.1,0.1,0.0,1.0,0.0,12.0,23.0,52.2,2.0,10.0,0.0,0.0,0.0,Match Report,Raul Jimenez,2023/2024
4,2023-09-02,Sat,Premier League,Matchweek 4,Away,L 1–5,Fulham,Manchester City,Y,FW,80,0,0,0,0,2.0,1.0,0,0,31.0,1.0,0.0,1.0,0.2,0.2,0.7,4.0,1.0,13.0,21.0,61.9,0.0,17.0,1.0,2.0,2.0,Match Report,Raul Jimenez,2023/2024
0,2023-08-12,Sat,Premier League,Matchweek 1,Away,W 1–0,Fulham,Everton,N,FW,33,0,0,0,0,2,1,0,0,12.0,0.0,0,0.0,0.2,0.2,0.0,2.0,1.0,4.0,8.0,50.0,1.0,5.0,0.0,3.0,3.0,Match Report,Aleksandar Mitrovic,2023/2024
0,2023-08-19,Sat,Premier League,Matchweek 2,Home,L 0–3,Fulham,Brentford,N,FW,5,0,0,0,0,0,0,0,0,2,0,0,0,0.0,0.0,0.0,0,0,1,2,50.0,0,1,0,0,0,Match Report,Rodrigo Muniz,2023/2024
3,2023-09-02,Sat,Premier League,Matchweek 4,Away,L 1–5,Fulham,Manchester City,N,FW,10,0,0,0,0,0,0,0,0,4,0,0,0,0.0,0.0,0.0,0,0,2,3,66.7,1,2,0,0,0,Match Report,Rodrigo Muniz,2023/2024
0,2023-08-12,Sat,Premier League,Matchweek 1,Home,W 5–1,Newcastle Utd,Aston Villa,Y,FW,67,2,0,0,0,3,3,0,0,24.0,0.0,0,0.0,0.8,0.8,0.0,1.0,0.0,12.0,16.0,75.0,1.0,16.0,2.0,3.0,1.0,Match Report,Alexander Isak,2023/2024
1,2023-08-19,Sat,Premier League,Matchweek 2,Away,L 0–1,Newcastle Utd,Manchester City,Y,FW,65,0,0,0,0,0,0,0,0,13.0,0.0,0,0.0,0.0,0.0,0.0,2.0,0.0,8.0,10.0,80.0,1.0,9.0,1.0,2.0,1.0,Match Report,Alexander Isak,2023/2024
2,2023-08-27,Sun,Premier League,Matchweek 3,Home,L 1–2,Newcastle Utd,Liverpool,Y,FW,71,0,0,0,0,1,1,0,0,7.0,0.0,0,0.0,0.2,0.2,0.1,2.0,0.0,4.0,5.0,80.0,1.0,6.0,0.0,0.0,0.0,Match Report,Alexander Isak,2023/2024
0,2023-08-12,Sat,Premier League,Matchweek 1,Home,W 5–1,Newcastle Utd,Aston Villa,N,FW,23,1,0,0,0,4,4,0,0,10,0,0,1,0.9,0.9,0.0,1,0,3,4,75.0,0,8,0,0,0,Match Report,Callum Wilson,2023/2024
1,2023-08-19,Sat,Premier League,Matchweek 2,Away,L 0–1,Newcastle Utd,Manchester City,N,FW,25,0,0,0,0,0,0,0,0,7,0,0,0,0.0,0.0,0.0,2,0,3,5,60.0,0,5,1,2,1,Match Report,Callum Wilson,2023/2024
2,2023-08-27,Sun,Premier League,Matchweek 3,Home,L 1–2,Newcastle Utd,Liverpool,N,FW,19,0,0,0,0,2,0,0,0,6,0,0,0,0.1,0.1,0.0,0,0,0,2,0.0,0,2,0,0,0,Match Report,Callum Wilson,2023/2024
3,2023-09-02,Sat,Premier League,Matchweek 4,Away,L 1–3,Newcastle Utd,Brighton,N,FW,33,1,0,0,0,1,1,0,0,10,0,0,0,0.4,0.4,0.0,2,1,5,5,100.0,0,4,0,1,1,Match Report,Callum Wilson,2023/2024
0,2023-08-14,Mon,Premier League,Matchweek 1,Away,L 0–1,Wolves,Manchester Utd,Y,FW,76,0,0,0,0,5,1,0,0,31,2,2,1,0.6,0.6,0.1,5,0,15,17,88.2,2,19,4,3,3,Match Report,Matheus Cunha,2023/2024
1,2023-08-19,Sat,Premier League,Matchweek 2,Home,L 1–4,Wolves,Brighton,Y,FW,90,0,0,0,0,1,1,0,0,40,1,0,0,0.4,0.4,0.6,5,1,20,25,80.0,4,27,5,6,5,Match Report,Matheus Cunha,2023/2024
2,2023-08-26,Sat,Premier League,Matchweek 3,Away,W 1–0,Wolves,Everton,Y,FW,84,0,0,0,0,2,0,0,0,29,1,0,1,0.2,0.2,0.0,0,0,17,19,89.5,1,19,0,2,0,Match Report,Matheus Cunha,2023/2024
4,2023-09-03,Sun,Premier League,Matchweek 4,Away,L 2–3,Wolves,Crystal Palace,Y,FW,90,1,0,0,0,2,1,0,0,46,1,0,2,0.7,0.7,0.0,0,0,27,32,84.4,2,19,4,6,3,Match Report,Matheus Cunha,2023/2024
0,2023-08-14,Mon,Premier League,Matchweek 1,Away,L 0–1,Wolves,Manchester Utd,N,FW,14,0,0,0,0,3,2,0,0,12.0,1.0,1,0.0,0.3,0.3,0.1,1.0,0.0,5.0,5.0,100.0,0.0,3.0,0.0,0.0,0.0,Match Report,Fabio Silva,2023/2024
1,2023-08-19,Sat,Premier League,Matchweek 2,Home,L 1–4,Wolves,Brighton,Y,FW,54,0,0,0,0,1,1,0,0,25.0,2.0,0,0.0,0.4,0.4,0.1,4.0,0.0,13.0,18.0,72.2,0.0,20.0,2.0,2.0,1.0,Match Report,Fabio Silva,2023/2024
2,2023-08-26,Sat,Premier League,Matchweek 3,Away,W 1–0,Wolves,Everton,Y,FW,73,0,0,0,0,1,0,0,0,19.0,1.0,0,0.0,0.3,0.3,0.0,2.0,0.0,11.0,13.0,84.6,4.0,14.0,1.0,2.0,1.0,Match Report,Fabio Silva,2023/2024
4,2023-09-03,Sun,Premier League,Matchweek 4,Away,L 2–3,Wolves,Crystal Palace,Y,FW,73,0,0,0,0,2,0,0,0,28.0,1.0,1,0.0,0.0,0.0,0.1,2.0,0.0,21.0,23.0,91.3,4.0,13.0,1.0,1.0,0.0,Match Report,Fabio Silva,2023/2024
0,2023-08-14,Mon,Premier League,Matchweek 1,Away,L 0–1,Wolves,Manchester Utd,Y,FW,62,0,0,0,0,1,0,0,0,26.0,0.0,0,2.0,0.1,0.1,0.7,4.0,0.0,12.0,17.0,70.6,2.0,17.0,1.0,0.0,0.0,Match Report,Pablo Sarabia,2023/2024
1,2023-08-19,Sat,Premier League,Matchweek 2,Home,L 1–4,Wolves,Brighton,N,FW,35,0,1,0,0,1,1,0,0,23.0,1.0,0,0.0,0.0,0.0,0.7,2.0,1.0,13.0,21.0,61.9,5.0,15.0,1.0,1.0,1.0,Match Report,Pablo Sarabia,2023/2024
2,2023-08-26,Sat,Premier League,Matchweek 3,Away,W 1–0,Wolves,Everton,N,FW,17,0,0,0,0,2,1,0,0,9.0,0.0,0,0.0,0.2,0.2,0.0,1.0,0.0,5.0,7.0,71.4,1.0,6.0,1.0,0.0,0.0,Match Report,Pablo Sarabia,2023/2024
0,2023-08-14,Mon,Premier League,Matchweek 1,Away,L 0–1,Wolves,Manchester Utd,N,FW,3,0,0,0,0,0,0,0,0,6,1,0,0,0.0,0.0,0.1,0,0,3,4,75.0,0,3,0,0,0,Match Report,Sasa Kalajdzic,2023/2024
2,2023-08-26,Sat,Premier League,Matchweek 3,Away,W 1–0,Wolves,Everton,N,FW,6,1,0,0,0,1,1,0,0,8,1,0,0,0.3,0.3,0.0,1,0,4,6,66.7,0,4,0,0,0,Match Report,Sasa Kalajdzic,2023/2024
4,2023-09-03,Sun,Premier League,Matchweek 4,Away,L 2–3,Wolves,Crystal Palace,N,FW,10,0,0,0,0,0,0,0,0,3,1,0,0,0.0,0.0,0.0,0,0,0,2,0.0,0,1,0,1,1,Match Report,Sasa Kalajdzic,2023/2024
0,2023-08-12,Sat,Premier League,Matchweek 1,Home,D 1–1,Bournemouth,West Ham,Y,FW,90,1,0,0,0,3,2,0,0,29.0,1.0,0,0.0,1.0,1.0,0.1,5.0,1.0,12.0,16.0,75.0,2.0,24.0,2.0,3.0,1.0,Match Report,Dominic Solanke,2023/2024
2,2023-08-26,Sat,Premier League,Matchweek 3,Home,L 0–2,Bournemouth,Tottenham,Y,FW,90,0,0,0,0,1,0,0,0,22.0,0.0,1,0.0,0.1,0.1,0.0,2.0,0.0,9.0,11.0,81.8,1.0,9.0,0.0,3.0,0.0,Match Report,Dominic Solanke,2023/2024
4,2023-09-02,Sat,Premier League,Matchweek 4,Away,D 2–2,Bournemouth,Brentford,Y,FW,90,1,0,0,0,2,2,0,0,38.0,0.0,0,0.0,0.6,0.6,0.1,2.0,0.0,13.0,15.0,86.7,3.0,19.0,2.0,3.0,0.0,Match Report,Dominic Solanke,2023/2024
1,2023-08-19,Sat,Premier League,Matchweek 2,Away,L 1–3,Bournemouth,Liverpool,N,FW,28,0,0,0,0,1,0,0,0,9,0,0,0,0.2,0.2,0.0,0,0,4,8,50.0,1,2,0,0,0,Match Report,Kieffer Moore,2023/2024
2,2023-08-26,Sat,Premier League,Matchweek 3,Home,L 0–2,Bournemouth,Tottenham,N,FW,5,0,0,0,0,0,0,0,0,4,0,0,0,0.0,0.0,0.0,1,0,3,4,75.0,1,0,0,0,0,Match Report,Kieffer Moore,2023/2024
3,2023-08-27,Sun,Premier League,Matchweek 3,Home,L 1–2,Sheffield Utd,Manchester City,Y,FW,90,0,0,0,0,0,0,0,0,23.0,0.0,0,0.0,0.0,0.0,0.0,2.0,1.0,8.0,14.0,57.1,0.0,16.0,2.0,5.0,1.0,Match Report,Benie Adama Traore,2023/2024
5,2023-09-02,Sat,Premier League,Matchweek 4,Home,D 2–2,Sheffield Utd,Everton,N,FW,16,0,0,0,0,0,0,0,0,7.0,0.0,1,0.0,0.0,0.0,0.0,0.0,0.0,2.0,3.0,66.7,1.0,5.0,0.0,2.0,0.0,Match Report,Benie Adama Traore,2023/2024
0,2023-08-12,Sat,Premier League,Matchweek 1,Home,L 0–1,Sheffield Utd,Crystal Palace,Y,FW,90,0,0,0,0,2,0,1,0,22,0,0,1,0.2,0.2,0.0,0,0,6,9,66.7,0,13,1,2,0,Match Report,William Osula,2023/2024
1,2023-08-18,Fri,Premier League,Matchweek 2,Away,L 1–2,Sheffield Utd,Nott'ham Forest,Y,FW,73,0,0,0,0,1,0,0,0,18,0,0,1,0.0,0.0,0.0,1,0,5,9,55.6,0,9,0,2,0,Match Report,William Osula,2023/2024
2,2023-08-27,Sun,Premier League,Matchweek 3,Home,L 1–2,Sheffield Utd,Manchester City,Y,FW,70,0,0,0,0,0,0,1,0,20,0,0,0,0.0,0.0,0.0,0,0,3,11,27.3,0,8,1,2,0,Match Report,William Osula,2023/2024
0,2023-08-27,Sun,Premier League,Matchweek 3,Home,L 1–2,Sheffield Utd,Manchester City,N,FW,20,0,0,0,0,1,0,0,0,11.0,0.0,0,0.0,0.0,0.0,0.3,1.0,0.0,2.0,8.0,25.0,0.0,5.0,0.0,0.0,0.0,Match Report,Oliver McBurnie,2023/2024
2,2023-09-02,Sat,Premier League,Matchweek 4,Home,D 2–2,Sheffield Utd,Everton,Y,FW,90,0,1,0,0,2,2,0,0,33.0,1.0,1,4.0,0.4,0.4,0.1,2.0,1.0,14.0,22.0,63.6,1.0,19.0,0.0,2.0,1.0,Match Report,Oliver McBurnie,2023/2024
3,2023-09-02,Sat,Premier League,Matchweek 4,Home,D 2–2,Sheffield Utd,Everton,Y,FW,74,1,0,0,0,2,1,0,0,14,0,0,0,0.2,0.2,0.0,0,0,6,6,100.0,0,13,1,2,1,Match Report,Cameron Archer,2023/2024
1,2023-08-18,Fri,Premier League,Matchweek 2,Away,L 1–2,Sheffield Utd,Nott'ham Forest,N,FW,9,0,0,0,0,0,0,0,0,4,0,0,0,0.0,0.0,0.0,0,0,2,2,100.0,0,3,0,1,0,Match Report,Antwoine Hackford,2023/2024
0,2023-08-12,Sat,Premier League,Matchweek 1,Home,L 0–1,Everton,Fulham,Y,FW,90,0,0,0,0,2,1,0,0,36.0,0.0,0,2.0,0.6,0.6,0.8,3.0,0.0,22.0,27.0,81.5,3.0,20.0,3.0,2.0,0.0,Match Report,Abdoulaye Doucoure,2023/2024
4,2023-09-02,Sat,Premier League,Matchweek 4,Away,D 2–2,Everton,Sheffield Utd,Y,FW,90,1,0,0,0,4,3,1,0,57.0,1.0,0,2.0,1.1,1.1,0.2,3.0,1.0,37.0,47.0,78.7,3.0,31.0,3.0,1.0,1.0,Match Report,Abdoulaye Doucoure,2023/2024
0,2023-08-12,Sat,Premier League,Matchweek 1,Home,L 0–1,Everton,Fulham,N,FW,19,0,0,0,0,0,0,0,0,8.0,0.0,1,0.0,0.0,0.0,0.2,0.0,0.0,3.0,5.0,60.0,2.0,4.0,1.0,1.0,0.0,Match Report,Arnaut Danjuma,2023/2024
0,2023-08-12,Sat,Premier League,Matchweek 1,Home,L 0–1,Everton,Fulham,Y,FW,71,0,0,0,0,4,3,0,0,19,0,0,1,1.3,1.3,0.1,2,0,8,9,88.9,0,9,1,0,0,Match Report,Neal Maupay,2023/2024
1,2023-08-20,Sun,Premier League,Matchweek 2,Away,L 0–4,Everton,Aston Villa,N,FW,40,0,0,0,0,1,1,0,0,21,0,0,1,0.1,0.1,0.0,1,0,14,17,82.4,0,11,0,0,0,Match Report,Neal Maupay,2023/2024
3,2023-09-02,Sat,Premier League,Matchweek 4,Away,D 2–2,Everton,Sheffield Utd,Y,FW,90,0,0,0,0,4,0,0,0,40.0,3.0,0,0.0,0.3,0.3,0.2,9.0,1.0,10.0,19.0,52.6,2.0,22.0,3.0,9.0,6.0,Match Report,Beto,2023/2024
0,2023-08-20,Sun,Premier League,Matchweek 2,Away,L 0–4,Everton,Aston Villa,Y,FW,37,0,0,0,0,0,0,0,0,5,0,0,0,0.0,0.0,0.0,0,0,3,4,75.0,1,3,0,0,0,Match Report,Dominic Calvert Lewin,2023/2024
0,2023-08-26,Sat,Premier League,Matchweek 3,Home,L 0–1,Everton,Wolves,N,FW,25,0,0,0,0,1,0,1,0,10,0,0,0,0.1,0.1,0.0,0,0,4,5,80.0,1,8,0,1,0,Match Report,Youssef Chermiti,2023/2024
2,2023-08-26,Sat,Premier League,Matchweek 3,Home,L 0–1,Everton,Wolves,N,FW,1,0,0,0,0,0,0,0,0,0,0,0,0,0.0,0.0,0.0,0,0,0,0,,0,0,0,0,0,Match Report,Thomas Cannon,2023/2024
0,2023-08-12,Sat,Premier League,Matchweek 1,Away,L 1–4,Luton Town,Brighton,Y,FW,90,1,0,1,1,3,1,0,0,41,0,0,0,1.1,0.3,0.0,4,1,20,33,60.6,5,19,2,1,1,Match Report,Carlton Morris,2023/2024
2,2023-08-25,Fri,Premier League,Matchweek 3,Away,L 0–3,Luton Town,Chelsea,Y,FW,90,0,0,0,0,3,0,0,0,27,0,0,0,0.2,0.2,0.0,3,0,12,17,70.6,5,14,1,2,1,Match Report,Carlton Morris,2023/2024
4,2023-09-01,Fri,Premier League,Matchweek 4,Home,L 1–2,Luton Town,West Ham,Y*,FW,90,0,1,0,0,2,0,0,0,52,2,0,2,0.2,0.2,0.1,4,1,18,36,50.0,2,16,1,1,0,Match Report,Carlton Morris,2023/2024
0,2023-08-12,Sat,Premier League,Matchweek 1,Away,L 1–4,Luton Town,Brighton,Y,FW,63.0,0.0,0.0,0.0,0.0,0.0,0.0,0.0,0.0,16.0,0.0,1.0,0.0,0.0,0.0,0.0,1.0,0.0,7.0,10.0,70.0,4.0,7.0,1.0,3.0,0.0,Match Report,Elijah Adebayo,2023/2024
2,2023-08-25,Fri,Premier League,Matchweek 3,Away,L 0–3,Luton Town,Chelsea,Y,FW,69.0,0.0,0.0,0.0,0.0,0.0,0.0,0.0,0.0,20.0,0.0,0.0,1.0,0.0,0.0,0.1,1.0,0.0,13.0,15.0,86.7,1.0,12.0,0.0,2.0,1.0,Match Report,Elijah Adebayo,2023/2024
4,2023-09-01,Fri,Premier League,Matchweek 4,Home,L 1–2,Luton Town,West Ham,Y,FW,70.0,0.0,0.0,0.0,0.0,3.0,0.0,0.0,0.0,22.0,0.0,0.0,0.0,0.4,0.4,0.0,1.0,0.0,4.0,6.0,66.7,0.0,12.0,0.0,5.0,2.0,Match Report,Elijah Adebayo,2023/2024
1,2023-08-12,Sat,Premier League,Matchweek 1,Away,L 1–4,Luton Town,Brighton,N,FW,27.0,0.0,0.0,0.0,0.0,1.0,1.0,0.0,0.0,12.0,1.0,0.0,1.0,0.1,0.1,0.0,0.0,0.0,3.0,7.0,42.9,0.0,5.0,1.0,0.0,0.0,Match Report,Jacob Brown,2023/2024
5,2023-09-01,Fri,Premier League,Matchweek 4,Home,L 1–2,Luton Town,West Ham,N,FW,20.0,0.0,0.0,0.0,0.0,0.0,0.0,0.0,0.0,2.0,0.0,0.0,0.0,0.0,0.0,0.0,0.0,0.0,0.0,2.0,0.0,0.0,2.0,1.0,0.0,0.0,Match Report,Jacob Brown,2023/2024
2,2023-08-27,Sun,Premier League,Matchweek 3,Home,L 1–3,Burnley,Aston Villa,Y,FW,80.0,1.0,0.0,0.0,0.0,1.0,1.0,0.0,0.0,19.0,1.0,0.0,0.0,0.1,0.1,0.0,0.0,0.0,10.0,14.0,71.4,0.0,12.0,3.0,0.0,0.0,Match Report,Lyle Foster,2023/2024
0,2023-08-11,Fri,Premier League,Matchweek 1,Home,L 0–3,Burnley,Manchester City,Y,FW,60.0,0.0,0.0,0.0,0.0,1.0,1.0,0.0,0.0,23.0,1.0,0.0,0.0,0.0,0.0,0.0,1.0,0.0,10.0,11.0,90.9,0.0,11.0,1.0,4.0,2.0,Match Report,Zeki Amdouni,2023/2024
4,2023-09-02,Sat,Premier League,Matchweek 4,Home,L 2–5,Burnley,Tottenham,Y,FW,59.0,0.0,0.0,0.0,0.0,1.0,0.0,0.0,0.0,24.0,4.0,0.0,1.0,0.0,0.0,0.2,1.0,0.0,14.0,16.0,87.5,3.0,17.0,2.0,2.0,1.0,Match Report,Zeki Amdouni,2023/2024
0,2023-08-11,Fri,Premier League,Matchweek 1,Home,L 0–3,Burnley,Manchester City,N,FW,17,0,0,0,0,0,0,0,0,9,0,0,0,0.0,0.0,0.0,0,0,4,5,80.0,0,7,1,4,0,Match Report,Benson Manuel,2023/2024
0,2023-08-11,Fri,Premier League,Matchweek 1,Home,L 0–3,Burnley,Manchester City,N,FW,29,0,0,0,0,1,0,0,1,13,0,0,0,0.0,0.0,0.0,1,0,10,12,83.3,0,6,0,0,0,Match Report,Anass Zaroury,2023/2024
0,2023-08-27,Sun,Premier League,Matchweek 3,Home,L 1–3,Burnley,Aston Villa,N,FW,23,0,0,0,0,0,0,0,0,6.0,0.0,0,0.0,0.0,0.0,0.0,0.0,0.0,4.0,5.0,80.0,1.0,5.0,0.0,0.0,0.0,Match Report,Aaron Ramsey,2023/2024
0,2023-08-27,Sun,Premier League,Matchweek 3,Home,L 1–3,Burnley,Aston Villa,N,FW,10,0,0,0,0,2,0,0,0,4,0,0,0,0.5,0.5,0.0,0,0,1,2,50.0,0,2,0,0,0,Match Report,Jay Rodriguez,2023/2024
